season,bot_id,team,dsfl_team,league,tier,position,archetype,status,name
56,175,SJS,,ISFL,4,Offensive Lineman,Mauler,Active,A Hariyama
60,594,,LON,DSFL,50,Safety,Ball Hawk - B,Active,Buzz Windsor
60,593,,LON,DSFL,50,Defensive Tackle,Nose Tackle - A,Active,Gnome Tackle
60,590,,LON,DSFL,100,Offensive Lineman,Mauler,Active,Milton Bradley
60,577,AUS,,ISFL,4,Offensive Lineman,Balanced Lineman,Active,Austin Silverhead
60,576,AUS,,ISFL,4,Offensive Lineman,Balanced Lineman,Active,Austin Goldhead
61,661,,POR,DSFL,100,Cornerback,Cover Corner,Active,No Fly Zone
61,631,OCO,,ISFL,4,Offensive Lineman,Mauler,Active,Meguru Bumchira
61,612,,LON,DSFL,100,Cornerback,Cover Corner,Active,Ronde Barber
62,751,OCO,,ISFL,4,Offensive Lineman,Mauler,Active,Ghost Morrigan
62,736,,DAL,DSFL,50,Cornerback,Cover Corner - B,Active,Mackenzie Collie
62,735,,DAL,DSFL,50,Linebacker,Coverage - B,Active,Jack Terrier
62,734,,DAL,DSFL,50,Defensive Tackle,Nose Tackle - A,Active,Mort Cattle
62,732,,DAL,DSFL,100,Cornerback,Cover Corner,Active,Muffin Heeler
62,730,,DAL,DSFL,100,Linebacker,Versatile LB,Active,Chili Heeler
62,729,,DAL,DSFL,51,Offensive Lineman,Mauler,Active,Rad Heeler
62,728,,DAL,DSFL,51,Offensive Lineman,Mauler,Active,Stripe Heeler
62,727,,DAL,DSFL,51,Offensive Lineman,Mauler,Active,Bandit Heeler
62,726,,DAL,DSFL,51,Offensive Lineman,Athletic Lineman,Active,Bingo Heeler
62,697,,TIJ,DSFL,50,Defensive Tackle,Nose Tackle - A,Active,MARUCHAN ROAST BEEF
62,693,,TIJ,DSFL,50,Defensive End,Power Rusher A,Active,MARUCHAN CHILI
62,691,,TIJ,DSFL,51,Offensive Lineman,Mauler,Active,MARUCHAN ROAST CHICKEN
62,687,,TIJ,DSFL,100,Offensive Lineman,Mauler,Active,MARUCHAN BEEF
62,681,,POR,DSFL,100,Linebacker,Coverage LB,Active,Maxwell Da'Synthest V
62,665,OCO,,ISFL,4,Offensive Lineman,Mauler,Active,Haha BoredofCord
63,803,,LON,DSFL,50,Linebacker,Pass Rusher - A,Active,Lavonte David
63,802,,KCC,DSFL,50,Safety,Ball Hawk - A,Active,Will Coyote
63,801,,KCC,DSFL,50,Safety,Ball Hawk - A,Active,Vernon Gholston
63,800,,KCC,DSFL,51,Offensive Lineman,Athletic Lineman,Active,Jedrick Wills Jr
63,799,,KCC,DSFL,100,Offensive Lineman,Athletic Lineman,Active,Mekhi Becton
63,798,,KCC,DSFL,100,Offensive Lineman,Athletic Lineman,Active,Slagathor Thorson
63,796,,KCC,DSFL,100,Offensive Lineman,Mauler,Active,Alex Leatherwood
63,794,,BBB,DSFL,50,Cornerback,Cover Corner - A,Active,Howell Davis
63,793,,BBB,DSFL,50,Defensive Tackle,Interior Rusher B,Active,Edward Teach
63,792,,DAL,DSFL,100,Defensive End,Speed Rusher,Active,Bigger Edd
63,791,,BBB,DSFL,50,Safety,Ball Hawk - B,Active,John Cook
63,790,,BBB,DSFL,50,Defensive Tackle,Interior Rusher B,Active,Anne Bonny
63,788,,BBB,DSFL,51,Offensive Lineman,Athletic Lineman,Active,Bartholomew Roberts
63,787,,BBB,DSFL,51,Offensive Lineman,Athletic Lineman,Active,Dixie Bull
63,786,,BBB,DSFL,51,Offensive Lineman,Athletic Lineman,Active,John Bear
63,785,,BBB,DSFL,51,Offensive Lineman,Athletic Lineman,Active,Zheng Jing
63,784,,BBB,DSFL,51,Offensive Lineman,Athletic Lineman,Active,Red Legs Greaves
63,783,,BBB,DSFL,100,Cornerback,Cover Corner,Active,Houshou Marine
63,782,,BBB,DSFL,100,Safety,Ball Hawk,Active,Sea-Dog Fuwawa
63,781,,BBB,DSFL,100,Linebacker,Versatile LB,Active,Francis Drake
63,780,,POR,DSFL,100,Safety,Enforcer,Active,Bugginton Harperious
63,779,,POR,DSFL,100,Cornerback,Physical Corner,Active,Smackin Those Balls
63,778,,POR,DSFL,50,Defensive End,Speed Rusher A,Active,Defending The End
63,776,,NOR,DSFL,50,Offensive Lineman,Athletic Lineman,Active,Yuno Gasai
63,775,,NOR,DSFL,100,Offensive Lineman,Athletic Lineman,Active,All Might
63,774,,NOR,DSFL,100,Offensive Lineman,Athletic Lineman,Active,John Blocksmith
63,773,,NOR,DSFL,50,Defensive Tackle,Interior Rusher B,Active,Bigger Rudder
63,772,,NOR,DSFL,50,Linebacker,Coverage - A,Active,The Real Glims
63,771,,NOR,DSFL,50,Safety,Center Fielder - A,Active,Green Simpson
63,770,,NOR,DSFL,100,Defensive Tackle,Interior Rusher,Active,Kermit The Fatguy
63,769,,LON,DSFL,100,Offensive Lineman,Mauler,Active,The Wall
63,768,,TIJ,DSFL,100,Offensive Lineman,Mauler,Active,Maruchan Chicken
63,767,,MIN,DSFL,51,Offensive Lineman,Mauler,Active,Dire Duck
63,766,,MIN,DSFL,51,Offensive Lineman,Mauler,Active,Griffin Duck
63,765,,MIN,DSFL,50,Defensive Tackle,Interior Rusher B,Active,Mother Reed
63,764,,MIN,DSFL,100,Linebacker,Versatile LB,Active,Suzuki Eagle
63,763,,MIN,DSFL,100,Offensive Lineman,Athletic Lineman,Active,Hyper Tails
63,762,,MIN,DSFL,100,Offensive Lineman,Athletic Lineman,Active,Punished Ducks
63,761,,MIN,DSFL,100,Offensive Lineman,Athletic Lineman,Active,BetThe HonchoOver
63,760,BFB,,ISFL,2,Offensive Lineman,Mauler,Active,Jelly Roll
63,759,BFB,,ISFL,2,Offensive Lineman,Mauler,Active,Tulsa King
63,758,AZ,,ISFL,4,Offensive Lineman,Athletic Lineman,Active,Faith Train
63,757,OCO,,ISFL,4,Offensive Lineman,Athletic Lineman,Active,Ghost Cone
63,756,OCO,,ISFL,4,Offensive Lineman,Athletic Lineman,Active,Ghost Strong
63,754,NYS,,ISFL,3,Offensive Lineman,Mauler,Active,Pineapple Pen
63,752,NYS,,ISFL,2,Offensive Lineman,Mauler,Active,T Monkey
