id,season,league,team,uid,username
1953,62,DSFL,BBB,4710,admiralballtr8s
1958,62,DSFL,BBB,2175,GlimsTC
1967,62,DSFL,DAL,4889,foshizzlemynizzle
1961,62,DSFL,DAL,2874,TubaDeus
1942,62,DSFL,KCC,4633,Turd Ferguson
1964,62,DSFL,KCC,4946,Mr. Soup
1943,62,DSFL,LON,4638,Vumion
1950,62,DSFL,LON,4656,Joriel
1965,62,DSFL,MIN,4999,Frantik
1954,62,DSFL,MIN,4806,PidgeyDestined
1966,62,DSFL,NOR,1097,Buttersqauch101
1941,62,DSFL,NOR,4570,Ltblackgrizzly
1936,62,DSFL,POR,2409,TheSparkyDee
1960,62,DSFL,POR,4726,CheeseConeys
1957,62,DSFL,TIJ,4802,xyan
1947,62,DSFL,TIJ,4481,Zag
1968,62,ISFL,AUS,2931,Dindog
1969,62,ISFL,AUS,1073,Mooty99
1937,62,ISFL,AZ,3559,CROney3
1948,62,ISFL,AZ,4263,lunaripcole
1959,62,ISFL,BAL,4546,uhnp
1940,62,ISFL,BAL,4308,RoyRivers
1955,62,ISFL,BFB,4480,CowboyBlender
1938,62,ISFL,BFB,4324,IR15H0000000000
1956,62,ISFL,COL,4629,bobtrek
1929,62,ISFL,COL,1875,iStegosauruz
1927,62,ISFL,CTC,3101,lordcoolcats
1928,62,ISFL,CTC,3551,Cycro
1952,62,ISFL,HON,4465,Griff
1933,62,ISFL,HON,2583,IceBear32
1949,62,ISFL,NOLA,4099,ACynicalGamer
1934,62,ISFL,NOLA,3826,Tmoney6996
1945,62,ISFL,NYS,3232,PurplePiratePoo
1946,62,ISFL,NYS,4653,TheAmericanPineapple
1939,62,ISFL,OCO,2637,MMFLEX
1963,62,ISFL,OCO,4634,Degradation
1930,62,ISFL,OSK,2461,firstfray
1931,62,ISFL,OSK,3778,Triceracop
1962,62,ISFL,SAR,4544,rrf_1
1932,62,ISFL,SAR,2091,abh89
1970,62,ISFL,SJS,3757,RobJG2
1935,62,ISFL,SJS,1641,RussDrivesTheBus
1944,62,ISFL,YKW,4162,Dev0
1951,62,ISFL,YKW,4492,Casey
1921,61,DSFL,BBB,2175,GlimsTC
1914,61,DSFL,BBB,4710,admiralballtr8s
1924,61,DSFL,DAL,2874,TubaDeus
1901,61,DSFL,KCC,4633,Turd Ferguson
1902,61,DSFL,LON,4638,Vumion
1911,61,DSFL,LON,4656,Joriel
1916,61,DSFL,MIN,4806,PidgeyDestined
1915,61,DSFL,MIN,2923,TheNC206
1900,61,DSFL,NOR,4570,Ltblackgrizzly
1910,61,DSFL,NOR,4317,JoeHoe3121
1895,61,DSFL,POR,2409,TheSparkyDee
1923,61,DSFL,POR,4726,CheeseConeys
1907,61,DSFL,TIJ,4481,Zag
1920,61,DSFL,TIJ,4802,xyan
1917,61,ISFL,AUS,2931,Dindog
1885,61,ISFL,AUS,1073,Mooty99
1908,61,ISFL,AZ,4263,lunaripcole
1896,61,ISFL,AZ,3559,CROney3
1922,61,ISFL,BAL,4546,uhnp
1899,61,ISFL,BAL,4308,RoyRivers
1918,61,ISFL,BFB,4480,CowboyBlender
1897,61,ISFL,BFB,4324,IR15H0000000000
1919,61,ISFL,COL,4629,bobtrek
1888,61,ISFL,COL,1875,iStegosauruz
1886,61,ISFL,CTC,3101,lordcoolcats
1887,61,ISFL,CTC,3551,Cycro
1913,61,ISFL,HON,4465,Griff
1892,61,ISFL,HON,2583,IceBear32
1893,61,ISFL,NOLA,3826,Tmoney6996
1909,61,ISFL,NOLA,4099,ACynicalGamer
1905,61,ISFL,NYS,3232,PurplePiratePoo
1906,61,ISFL,NYS,4653,TheAmericanPineapple
1926,61,ISFL,OCO,3515,UptownCord
1898,61,ISFL,OCO,2637,MMFLEX
1890,61,ISFL,OSK,3778,Triceracop
1889,61,ISFL,OSK,2461,firstfray
1925,61,ISFL,SAR,2160,Swanty
1891,61,ISFL,SAR,2091,abh89
1894,61,ISFL,SJS,1641,RussDrivesTheBus
1904,61,ISFL,SJS,3757,RobJG2
1903,61,ISFL,YKW,4162,Dev0
1912,61,ISFL,YKW,4492,Casey
1879,60,DSFL,BBB,4710,admiralballtr8s
1860,60,DSFL,BBB,4546,uhnp
1861,60,DSFL,DAL,2890,Bubba
1859,60,DSFL,DAL,2688,oilmandan
1864,60,DSFL,KCC,4634,Degradation
1865,60,DSFL,KCC,4633,Turd Ferguson
1866,60,DSFL,LON,4638,Vumion
1876,60,DSFL,LON,4656,Joriel
1881,60,DSFL,MIN,4806,PidgeyDestined
1880,60,DSFL,MIN,2923,TheNC206
1875,60,DSFL,NOR,4317,JoeHoe3121
1863,60,DSFL,NOR,4570,Ltblackgrizzly
1874,60,DSFL,POR,4726,CheeseConeys
1853,60,DSFL,POR,2409,TheSparkyDee
1871,60,DSFL,TIJ,4481,Zag
1854,60,DSFL,TIJ,3903,DigDoug11
1841,60,ISFL,AUS,1073,Mooty99
1882,60,ISFL,AUS,2931,Dindog
1872,60,ISFL,AZ,4263,lunaripcole
1855,60,ISFL,AZ,3559,CROney3
1842,60,ISFL,BAL,3666,swoosh
1862,60,ISFL,BAL,4308,RoyRivers
1856,60,ISFL,BFB,4324,IR15H0000000000
1883,60,ISFL,BFB,4480,CowboyBlender
1884,60,ISFL,COL,4629,bobtrek
1845,60,ISFL,COL,1875,iStegosauruz
1843,60,ISFL,CTC,3101,lordcoolcats
1844,60,ISFL,CTC,3551,Cycro
1878,60,ISFL,HON,4465,Griff
1849,60,ISFL,HON,2583,IceBear32
1873,60,ISFL,NOLA,4099,ACynicalGamer
1850,60,ISFL,NOLA,3826,Tmoney6996
1869,60,ISFL,NYS,3232,PurplePiratePoo
1870,60,ISFL,NYS,4653,TheAmericanPineapple
1857,60,ISFL,OCO,2637,MMFLEX
1851,60,ISFL,OCO,3515,UptownCord
1846,60,ISFL,OSK,2461,firstfray
1847,60,ISFL,OSK,3778,Triceracop
1858,60,ISFL,SAR,2160,Swanty
1848,60,ISFL,SAR,2091,abh89
1852,60,ISFL,SJS,1641,RussDrivesTheBus
1868,60,ISFL,SJS,3757,RobJG2
1867,60,ISFL,YKW,4162,Dev0
1877,60,ISFL,YKW,4492,Casey
1838,59,DSFL,BBB,4710,admiralballtr8s
1818,59,DSFL,BBB,4546,uhnp
1817,59,DSFL,DAL,2688,oilmandan
1819,59,DSFL,DAL,2890,Bubba
1822,59,DSFL,KCC,4634,Degradation
1823,59,DSFL,KCC,4633,Turd Ferguson
1834,59,DSFL,LON,4656,Joriel
1824,59,DSFL,LON,4638,Vumion
1839,59,DSFL,MIN,2923,TheNC206
1840,59,DSFL,MIN,4806,PidgeyDestined
1833,59,DSFL,NOR,4317,JoeHoe3121
1821,59,DSFL,NOR,4570,Ltblackgrizzly
1832,59,DSFL,POR,4726,CheeseConeys
1810,59,DSFL,POR,2409,TheSparkyDee
1829,59,DSFL,TIJ,4481,Zag
1811,59,DSFL,TIJ,3903,DigDoug11
1769,59,ISFL,AUS,1073,Mooty99
1815,59,ISFL,AUS,2706,unconfident
1830,59,ISFL,AZ,4263,lunaripcole
1812,59,ISFL,AZ,3559,CROney3
1771,59,ISFL,BAL,3666,swoosh
1772,59,ISFL,BAL,4308,RoyRivers
1773,59,ISFL,BFB,3951,Jackienape
1813,59,ISFL,BFB,4324,IR15H0000000000
1802,59,ISFL,COL,1875,iStegosauruz
1835,59,ISFL,COL,4697,Mikemart
1775,59,ISFL,CTC,3101,lordcoolcats
1801,59,ISFL,CTC,3551,Cycro
1806,59,ISFL,HON,2583,IceBear32
1782,59,ISFL,HON,4465,Griff
1807,59,ISFL,NOLA,3826,Tmoney6996
1784,59,ISFL,NOLA,4099,ACynicalGamer
1785,59,ISFL,NYS,3232,PurplePiratePoo
1786,59,ISFL,NYS,4653,TheAmericanPineapple
1814,59,ISFL,OCO,2637,MMFLEX
1808,59,ISFL,OCO,3515,UptownCord
1803,59,ISFL,OSK,2461,firstfray
1778,59,ISFL,OSK,3778,Triceracop
1790,59,ISFL,SAR,2091,abh89
1791,59,ISFL,SAR,2160,Swanty
1809,59,ISFL,SJS,1641,RussDrivesTheBus
1826,59,ISFL,SJS,3757,RobJG2
1793,59,ISFL,YKW,4492,Casey
1825,59,ISFL,YKW,4162,Dev0
1742,58,ISFL,AUS,1073,Mooty99
1743,58,ISFL,AUS,2706,unconfident
1741,58,ISFL,AZ,3559,CROney3
1740,58,ISFL,AZ,4263,lunaripcole
1744,58,ISFL,BAL,3666,swoosh
1745,58,ISFL,BAL,4308,RoyRivers
1746,58,ISFL,BFB,3951,Jackienape
1747,58,ISFL,BFB,4324,IR15H0000000000
1753,58,ISFL,COL,1124,TubbyTim69
1752,58,ISFL,COL,1875,iStegosauruz
1749,58,ISFL,CTC,3551,Cycro
1748,58,ISFL,CTC,3101,lordcoolcats
1755,58,ISFL,HON,4372,Dmac1200
1754,58,ISFL,HON,2583,IceBear32
1757,58,ISFL,NOLA,4099,ACynicalGamer
1756,58,ISFL,NOLA,3826,Tmoney6996
1759,58,ISFL,NYS,4653,TheAmericanPineapple
1758,58,ISFL,NYS,3232,PurplePiratePoo
1760,58,ISFL,OCO,3515,UptownCord
1761,58,ISFL,OCO,2637,MMFLEX
1751,58,ISFL,OSK,3778,Triceracop
1750,58,ISFL,OSK,2461,firstfray
1764,58,ISFL,SAR,2160,Swanty
1763,58,ISFL,SAR,2091,abh89
1762,58,ISFL,SJS,1641,RussDrivesTheBus
1796,58,ISFL,SJS,3757,RobJG2
1765,58,ISFL,YKW,4162,Dev0
1766,58,ISFL,YKW,1486,juniped
1715,57,ISFL,AUS,1073,Mooty99
1716,57,ISFL,AUS,2706,unconfident
1713,57,ISFL,AZ,3828,Bamford13
1714,57,ISFL,AZ,3559,CROney3
1717,57,ISFL,BAL,3666,swoosh
1718,57,ISFL,BAL,4308,RoyRivers
1719,57,ISFL,BFB,3951,Jackienape
1720,57,ISFL,BFB,4324,IR15H0000000000
1725,57,ISFL,COL,1875,iStegosauruz
1726,57,ISFL,COL,1124,TubbyTim69
1722,57,ISFL,CTC,3551,Cycro
1721,57,ISFL,CTC,3101,lordcoolcats
1728,57,ISFL,HON,4372,Dmac1200
1727,57,ISFL,HON,2583,IceBear32
1729,57,ISFL,NOLA,3826,Tmoney6996
1730,57,ISFL,NOLA,3888,thewhovian
1731,57,ISFL,NYS,3232,PurplePiratePoo
1732,57,ISFL,NYS,3957,Daniel
1734,57,ISFL,OCO,2637,MMFLEX
1733,57,ISFL,OCO,3515,UptownCord
1723,57,ISFL,OSK,2461,firstfray
1724,57,ISFL,OSK,3778,Triceracop
1736,57,ISFL,SAR,2091,abh89
1737,57,ISFL,SAR,2160,Swanty
1735,57,ISFL,SJS,1641,RussDrivesTheBus
1795,57,ISFL,SJS,3757,RobJG2
1738,57,ISFL,YKW,4162,Dev0
1739,57,ISFL,YKW,1486,juniped
1687,56,ISFL,AUS,1073,Mooty99
1688,56,ISFL,AUS,2706,unconfident
1685,56,ISFL,AZ,3828,Bamford13
1686,56,ISFL,AZ,3559,CROney3
1689,56,ISFL,BAL,3666,swoosh
1690,56,ISFL,BAL,4308,RoyRivers
1692,56,ISFL,BFB,4324,IR15H0000000000
1691,56,ISFL,BFB,3951,Jackienape
1698,56,ISFL,COL,1124,TubbyTim69
1697,56,ISFL,COL,1875,iStegosauruz
1694,56,ISFL,CTC,3551,Cycro
1693,56,ISFL,CTC,3101,lordcoolcats
1700,56,ISFL,HON,4372,Dmac1200
1699,56,ISFL,HON,2583,IceBear32
1702,56,ISFL,NOLA,3888,thewhovian
1701,56,ISFL,NOLA,3826,Tmoney6996
1704,56,ISFL,NYS,3957,Daniel
1703,56,ISFL,NYS,3232,PurplePiratePoo
1706,56,ISFL,OCO,2637,MMFLEX
1705,56,ISFL,OCO,3515,UptownCord
1696,56,ISFL,OSK,3778,Triceracop
1695,56,ISFL,OSK,2461,firstfray
1709,56,ISFL,SAR,2091,abh89
1710,56,ISFL,SAR,2160,Swanty
1707,56,ISFL,SJS,1641,RussDrivesTheBus
1708,56,ISFL,SJS,2565,Urq660
1711,56,ISFL,YKW,3793,homercrates
1712,56,ISFL,YKW,1486,juniped
1660,55,ISFL,AUS,1073,Mooty99
1661,55,ISFL,AUS,2706,unconfident
1658,55,ISFL,AZ,3828,Bamford13
1659,55,ISFL,AZ,3559,CROney3
1662,55,ISFL,BAL,3666,swoosh
1663,55,ISFL,BAL,1902,SwankyPants31
1664,55,ISFL,BFB,3951,Jackienape
1665,55,ISFL,BFB,4324,IR15H0000000000
1670,55,ISFL,COL,1875,iStegosauruz
1671,55,ISFL,COL,1124,TubbyTim69
1666,55,ISFL,CTC,3101,lordcoolcats
1667,55,ISFL,CTC,3551,Cycro
1673,55,ISFL,HON,3527,LtHudz
1672,55,ISFL,HON,2583,IceBear32
1674,55,ISFL,NOLA,3826,Tmoney6996
1675,55,ISFL,NOLA,3888,thewhovian
1676,55,ISFL,NYS,3957,Daniel
1794,55,ISFL,NYS,3232,PurplePiratePoo
1677,55,ISFL,OCO,3515,UptownCord
1678,55,ISFL,OCO,2637,MMFLEX
1669,55,ISFL,OSK,3778,Triceracop
1668,55,ISFL,OSK,2461,firstfray
1681,55,ISFL,SAR,2091,abh89
1682,55,ISFL,SAR,2584,Fronk
1679,55,ISFL,SJS,1641,RussDrivesTheBus
1680,55,ISFL,SJS,2565,Urq660
1683,55,ISFL,YKW,3793,homercrates
1684,55,ISFL,YKW,1486,juniped
1632,54,ISFL,AUS,1073,Mooty99
1633,54,ISFL,AUS,2706,unconfident
1630,54,ISFL,AZ,3828,Bamford13
1631,54,ISFL,AZ,3559,CROney3
1634,54,ISFL,BAL,3666,swoosh
1635,54,ISFL,BAL,1902,SwankyPants31
1636,54,ISFL,BFB,3951,Jackienape
1637,54,ISFL,BFB,4324,IR15H0000000000
1642,54,ISFL,COL,1875,iStegosauruz
1643,54,ISFL,COL,1124,TubbyTim69
1639,54,ISFL,CTC,3551,Cycro
1638,54,ISFL,CTC,3101,lordcoolcats
1645,54,ISFL,HON,3527,LtHudz
1644,54,ISFL,HON,2583,IceBear32
1647,54,ISFL,NOLA,3888,thewhovian
1646,54,ISFL,NOLA,3826,Tmoney6996
1648,54,ISFL,NYS,3573,wizard_literal
1649,54,ISFL,NYS,3957,Daniel
1650,54,ISFL,OCO,3515,UptownCord
1651,54,ISFL,OCO,2637,MMFLEX
1640,54,ISFL,OSK,2461,firstfray
1641,54,ISFL,OSK,3778,Triceracop
1654,54,ISFL,SAR,2091,abh89
1655,54,ISFL,SAR,2584,Fronk
1652,54,ISFL,SJS,1641,RussDrivesTheBus
1653,54,ISFL,SJS,2565,Urq660
1656,54,ISFL,YKW,3793,homercrates
1657,54,ISFL,YKW,1486,juniped
1604,53,ISFL,AUS,1073,Mooty99
1605,53,ISFL,AUS,3757,RobJG2
1602,53,ISFL,AZ,3828,Bamford13
1603,53,ISFL,AZ,3559,CROney3
1606,53,ISFL,BAL,3666,swoosh
1607,53,ISFL,BAL,1902,SwankyPants31
1608,53,ISFL,BFB,3951,Jackienape
1609,53,ISFL,BFB,4324,IR15H0000000000
1615,53,ISFL,COL,1124,TubbyTim69
1614,53,ISFL,COL,1875,iStegosauruz
1610,53,ISFL,CTC,3101,lordcoolcats
1611,53,ISFL,CTC,3551,Cycro
1617,53,ISFL,HON,3527,LtHudz
1616,53,ISFL,HON,2583,IceBear32
1619,53,ISFL,NOLA,3888,thewhovian
1618,53,ISFL,NOLA,3826,Tmoney6996
1621,53,ISFL,NYS,3957,Daniel
1620,53,ISFL,NYS,3573,wizard_literal
1623,53,ISFL,OCO,2637,MMFLEX
1622,53,ISFL,OCO,3515,UptownCord
1613,53,ISFL,OSK,3778,Triceracop
1612,53,ISFL,OSK,2461,firstfray
1626,53,ISFL,SAR,2091,abh89
1627,53,ISFL,SAR,2584,Fronk
1624,53,ISFL,SJS,1641,RussDrivesTheBus
1625,53,ISFL,SJS,2565,Urq660
1628,53,ISFL,YKW,3793,homercrates
1629,53,ISFL,YKW,1486,juniped
1576,52,ISFL,AUS,1073,Mooty99
1577,52,ISFL,AUS,3757,RobJG2
1574,52,ISFL,AZ,3828,Bamford13
1575,52,ISFL,AZ,3559,CROney3
1578,52,ISFL,BAL,3666,swoosh
1579,52,ISFL,BAL,1902,SwankyPants31
1580,52,ISFL,BFB,3951,Jackienape
1581,52,ISFL,BFB,4324,IR15H0000000000
1586,52,ISFL,COL,1875,iStegosauruz
1587,52,ISFL,COL,1124,TubbyTim69
1583,52,ISFL,CTC,3551,Cycro
1582,52,ISFL,CTC,3101,lordcoolcats
1589,52,ISFL,HON,3527,LtHudz
1588,52,ISFL,HON,2583,IceBear32
1591,52,ISFL,NOLA,3888,thewhovian
1590,52,ISFL,NOLA,3826,Tmoney6996
1593,52,ISFL,NYS,3957,Daniel
1592,52,ISFL,NYS,3573,wizard_literal
1594,52,ISFL,OCO,3515,UptownCord
1595,52,ISFL,OCO,2637,MMFLEX
1585,52,ISFL,OSK,3778,Triceracop
1584,52,ISFL,OSK,2461,firstfray
1599,52,ISFL,SAR,2584,Fronk
1598,52,ISFL,SAR,2091,abh89
1597,52,ISFL,SJS,2565,Urq660
1596,52,ISFL,SJS,1641,RussDrivesTheBus
1600,52,ISFL,YKW,3793,homercrates
1601,52,ISFL,YKW,1486,juniped
1548,51,ISFL,AUS,1073,Mooty99
1549,51,ISFL,AUS,3757,RobJG2
1546,51,ISFL,AZ,2224,zeagle1
1547,51,ISFL,AZ,3828,Bamford13
1550,51,ISFL,BAL,3666,swoosh
1551,51,ISFL,BAL,1902,SwankyPants31
1552,51,ISFL,BFB,3282,Gadget
1553,51,ISFL,BFB,3951,Jackienape
1558,51,ISFL,COL,1875,iStegosauruz
1559,51,ISFL,COL,3570,aeonsjenni
1555,51,ISFL,CTC,3551,Cycro
1554,51,ISFL,CTC,3101,lordcoolcats
1561,51,ISFL,HON,3527,LtHudz
1560,51,ISFL,HON,2583,IceBear32
1562,51,ISFL,NOLA,3594,toofpete
1563,51,ISFL,NOLA,3826,Tmoney6996
1564,51,ISFL,NYS,3573,wizard_literal
1565,51,ISFL,NYS,3957,Daniel
1566,51,ISFL,OCO,3515,UptownCord
1567,51,ISFL,OCO,3919,amjohnson636
1557,51,ISFL,OSK,3778,Triceracop
1556,51,ISFL,OSK,2461,firstfray
1570,51,ISFL,SAR,2091,abh89
1571,51,ISFL,SAR,2584,Fronk
1568,51,ISFL,SJS,1641,RussDrivesTheBus
1569,51,ISFL,SJS,2565,Urq660
1572,51,ISFL,YKW,3793,homercrates
1573,51,ISFL,YKW,1486,juniped
1521,50,ISFL,AUS,1073,Mooty99
1520,50,ISFL,AUS,2827,PugWalrus
1518,50,ISFL,AZ,2224,zeagle1
1519,50,ISFL,AZ,3828,Bamford13
1522,50,ISFL,BAL,3666,swoosh
1523,50,ISFL,BAL,1902,SwankyPants31
1524,50,ISFL,BER,1297,Dewalt27
1525,50,ISFL,BER,3282,Gadget
1530,50,ISFL,COL,1875,iStegosauruz
1531,50,ISFL,COL,3570,aeonsjenni
1526,50,ISFL,CTC,3101,lordcoolcats
1527,50,ISFL,CTC,3551,Cycro
1533,50,ISFL,HON,3527,LtHudz
1532,50,ISFL,HON,2583,IceBear32
1535,50,ISFL,NOLA,3826,Tmoney6996
1534,50,ISFL,NOLA,3594,toofpete
1536,50,ISFL,NYS,3138,Repgnar
1537,50,ISFL,NYS,3573,wizard_literal
1538,50,ISFL,OCO,3515,UptownCord
1539,50,ISFL,OCO,3919,amjohnson636
1529,50,ISFL,OSK,3778,Triceracop
1528,50,ISFL,OSK,2461,firstfray
1542,50,ISFL,SAR,2091,abh89
1543,50,ISFL,SAR,2584,Fronk
1541,50,ISFL,SJS,2565,Urq660
1540,50,ISFL,SJS,1641,RussDrivesTheBus
1544,50,ISFL,YKW,3793,homercrates
1545,50,ISFL,YKW,1486,juniped
1492,49,ISFL,AUS,2827,PugWalrus
1493,49,ISFL,AUS,1073,Mooty99
1490,49,ISFL,AZ,3743,lemonoppy
1491,49,ISFL,AZ,2224,zeagle1
1494,49,ISFL,BAL,3666,swoosh
1495,49,ISFL,BAL,1902,SwankyPants31
1496,49,ISFL,BER,1297,Dewalt27
1497,49,ISFL,BER,3282,Gadget
1503,49,ISFL,COL,3570,aeonsjenni
1502,49,ISFL,COL,1875,iStegosauruz
1498,49,ISFL,CTC,3101,lordcoolcats
1499,49,ISFL,CTC,3551,Cycro
1505,49,ISFL,HON,3527,LtHudz
1504,49,ISFL,HON,2583,IceBear32
1507,49,ISFL,NOLA,3826,Tmoney6996
1506,49,ISFL,NOLA,3594,toofpete
1509,49,ISFL,NYS,3573,wizard_literal
1508,49,ISFL,NYS,3138,Repgnar
1510,49,ISFL,OCO,3515,UptownCord
1511,49,ISFL,OCO,3919,amjohnson636
1500,49,ISFL,OSK,2492,Painted
1501,49,ISFL,OSK,2461,firstfray
1514,49,ISFL,SAR,2091,abh89
1515,49,ISFL,SAR,2584,Fronk
1512,49,ISFL,SJS,1641,RussDrivesTheBus
1513,49,ISFL,SJS,2565,Urq660
1516,49,ISFL,YKW,3793,homercrates
1517,49,ISFL,YKW,1486,juniped
1465,48,ISFL,AUS,1073,Mooty99
1464,48,ISFL,AUS,2827,PugWalrus
1462,48,ISFL,AZ,3743,lemonoppy
1463,48,ISFL,AZ,2224,zeagle1
1466,48,ISFL,BAL,3666,swoosh
1467,48,ISFL,BAL,1902,SwankyPants31
1468,48,ISFL,BER,1297,Dewalt27
1469,48,ISFL,BER,3282,Gadget
1472,48,ISFL,CHI,2492,Painted
1473,48,ISFL,CHI,2461,firstfray
1475,48,ISFL,COL,3570,aeonsjenni
1474,48,ISFL,COL,1875,iStegosauruz
1470,48,ISFL,CTC,2333,negs
1471,48,ISFL,CTC,3101,lordcoolcats
1477,48,ISFL,HON,3527,LtHudz
1476,48,ISFL,HON,2583,IceBear32
1479,48,ISFL,NOLA,3826,Tmoney6996
1478,48,ISFL,NOLA,3594,toofpete
1481,48,ISFL,NYS,3573,wizard_literal
1480,48,ISFL,NYS,3138,Repgnar
1482,48,ISFL,OCO,3515,UptownCord
1483,48,ISFL,OCO,3919,amjohnson636
1486,48,ISFL,SAR,2091,abh89
1487,48,ISFL,SAR,2584,Fronk
1484,48,ISFL,SJS,1641,RussDrivesTheBus
1485,48,ISFL,SJS,2565,Urq660
1488,48,ISFL,YKW,2874,TubaDeus
1489,48,ISFL,YKW,3793,homercrates
1436,47,ISFL,AUS,2827,PugWalrus
1437,47,ISFL,AUS,1073,Mooty99
1435,47,ISFL,AZ,2224,zeagle1
1434,47,ISFL,AZ,3743,lemonoppy
1438,47,ISFL,BAL,3666,swoosh
1439,47,ISFL,BAL,1902,SwankyPants31
1440,47,ISFL,BER,1297,Dewalt27
1441,47,ISFL,BER,3282,Gadget
1445,47,ISFL,CHI,2461,firstfray
1444,47,ISFL,CHI,2492,Painted
1447,47,ISFL,COL,3570,aeonsjenni
1446,47,ISFL,COL,1875,iStegosauruz
1443,47,ISFL,CTC,3101,lordcoolcats
1442,47,ISFL,CTC,2333,negs
1449,47,ISFL,HON,3527,LtHudz
1448,47,ISFL,HON,2583,IceBear32
1451,47,ISFL,NOLA,3826,Tmoney6996
1450,47,ISFL,NOLA,3594,toofpete
1453,47,ISFL,NYS,3573,wizard_literal
1452,47,ISFL,NYS,3138,Repgnar
1454,47,ISFL,OCO,2670,Beck
1455,47,ISFL,OCO,3515,UptownCord
1459,47,ISFL,SAR,2584,Fronk
1458,47,ISFL,SAR,2091,abh89
1456,47,ISFL,SJS,1641,RussDrivesTheBus
1457,47,ISFL,SJS,2565,Urq660
1461,47,ISFL,YKW,3793,homercrates
1460,47,ISFL,YKW,2874,TubaDeus
1408,46,ISFL,AUS,2827,PugWalrus
1409,46,ISFL,AUS,1073,Mooty99
1407,46,ISFL,AZ,3743,lemonoppy
1406,46,ISFL,AZ,2166,Kotasa
1410,46,ISFL,BAL,3666,swoosh
1411,46,ISFL,BAL,1902,SwankyPants31
1412,46,ISFL,BER,1297,Dewalt27
1413,46,ISFL,BER,2196,r0tzbua
1416,46,ISFL,CHI,2492,Painted
1417,46,ISFL,CHI,2461,firstfray
1418,46,ISFL,COL,1875,iStegosauruz
1419,46,ISFL,COL,3707,electrictree
1414,46,ISFL,CTC,2333,negs
1415,46,ISFL,CTC,3101,lordcoolcats
1420,46,ISFL,HON,2637,MMFLEX
1421,46,ISFL,HON,2583,IceBear32
1422,46,ISFL,NOLA,3490,baz
1423,46,ISFL,NOLA,3594,toofpete
1424,46,ISFL,NYS,3138,Repgnar
1425,46,ISFL,NYS,3573,wizard_literal
1426,46,ISFL,OCO,2670,Beck
1427,46,ISFL,OCO,3515,UptownCord
1431,46,ISFL,SAR,2584,Fronk
1430,46,ISFL,SAR,2091,abh89
1429,46,ISFL,SJS,2565,Urq660
1428,46,ISFL,SJS,1641,RussDrivesTheBus
1432,46,ISFL,YKW,2874,TubaDeus
1433,46,ISFL,YKW,1426,jeffie43
982,45,ISFL,AUS,2706,unconfident
983,45,ISFL,AUS,2827,PugWalrus
981,45,ISFL,AZ,3743,lemonoppy
980,45,ISFL,AZ,2166,Kotasa
984,45,ISFL,BAL,2490,dude_man
985,45,ISFL,BAL,3666,swoosh
986,45,ISFL,BER,1297,Dewalt27
987,45,ISFL,BER,2196,r0tzbua
991,45,ISFL,CHI,2461,firstfray
990,45,ISFL,CHI,2492,Painted
993,45,ISFL,COL,1384,Ephenssta
992,45,ISFL,COL,1875,iStegosauruz
989,45,ISFL,CTC,3101,lordcoolcats
988,45,ISFL,CTC,2333,negs
995,45,ISFL,HON,2583,IceBear32
994,45,ISFL,HON,2637,MMFLEX
997,45,ISFL,NOLA,3594,toofpete
996,45,ISFL,NOLA,3490,baz
999,45,ISFL,NYS,3573,wizard_literal
998,45,ISFL,NYS,3138,Repgnar
1000,45,ISFL,OCO,2670,Beck
1399,45,ISFL,OCO,3515,UptownCord
1403,45,ISFL,SAR,3586,Sizz
1402,45,ISFL,SAR,2091,abh89
1400,45,ISFL,SJS,33,ckroyal92
1401,45,ISFL,SJS,1641,RussDrivesTheBus
1405,45,ISFL,YKW,1426,jeffie43
1404,45,ISFL,YKW,2874,TubaDeus
955,44,ISFL,AUS,2706,unconfident
954,44,ISFL,AUS,2274,frazzle14
952,44,ISFL,AZ,2166,Kotasa
953,44,ISFL,AZ,3743,lemonoppy
956,44,ISFL,BAL,2490,dude_man
957,44,ISFL,BAL,3153,Charple
958,44,ISFL,BER,1297,Dewalt27
959,44,ISFL,BER,2196,r0tzbua
962,44,ISFL,CHI,2492,Painted
963,44,ISFL,CHI,2461,firstfray
964,44,ISFL,COL,1875,iStegosauruz
965,44,ISFL,COL,1384,Ephenssta
960,44,ISFL,CTC,2333,negs
961,44,ISFL,CTC,3101,lordcoolcats
966,44,ISFL,HON,2637,MMFLEX
967,44,ISFL,HON,2583,IceBear32
968,44,ISFL,NOLA,2080,MobiausGrander
969,44,ISFL,NOLA,3490,baz
970,44,ISFL,NYS,3138,Repgnar
971,44,ISFL,NYS,3573,wizard_literal
972,44,ISFL,OCO,2670,Beck
973,44,ISFL,OCO,3515,UptownCord
976,44,ISFL,SAR,2091,abh89
977,44,ISFL,SAR,3586,Sizz
974,44,ISFL,SJS,33,ckroyal92
975,44,ISFL,SJS,1641,RussDrivesTheBus
978,44,ISFL,YKW,2874,TubaDeus
979,44,ISFL,YKW,2404,Gumbaman
927,43,ISFL,AUS,2706,unconfident
926,43,ISFL,AUS,2274,frazzle14
925,43,ISFL,AZ,2166,Kotasa
924,43,ISFL,AZ,1851,.simo
928,43,ISFL,BAL,2490,dude_man
929,43,ISFL,BAL,3153,Charple
930,43,ISFL,BER,1297,Dewalt27
931,43,ISFL,BER,2196,r0tzbua
934,43,ISFL,CHI,1866,TheCC
935,43,ISFL,CHI,2492,Painted
937,43,ISFL,COL,1384,Ephenssta
936,43,ISFL,COL,1875,iStegosauruz
932,43,ISFL,CTC,2333,negs
933,43,ISFL,CTC,3101,lordcoolcats
939,43,ISFL,HON,2583,IceBear32
938,43,ISFL,HON,2637,MMFLEX
941,43,ISFL,NOLA,3490,baz
940,43,ISFL,NOLA,2080,MobiausGrander
942,43,ISFL,NYS,3138,Repgnar
943,43,ISFL,NYS,3573,wizard_literal
944,43,ISFL,OCO,2670,Beck
945,43,ISFL,OCO,3515,UptownCord
949,43,ISFL,SAR,2584,Fronk
948,43,ISFL,SAR,2091,abh89
947,43,ISFL,SJS,1641,RussDrivesTheBus
946,43,ISFL,SJS,33,ckroyal92
950,43,ISFL,YKW,1643,ZootTX
951,43,ISFL,YKW,2874,TubaDeus
898,42,ISFL,AUS,2274,frazzle14
899,42,ISFL,AUS,2706,unconfident
896,42,ISFL,AZ,1851,.simo
897,42,ISFL,AZ,2166,Kotasa
900,42,ISFL,BAL,2490,dude_man
901,42,ISFL,BAL,3153,Charple
902,42,ISFL,BER,1297,Dewalt27
903,42,ISFL,BER,2196,r0tzbua
907,42,ISFL,CHI,2492,Painted
906,42,ISFL,CHI,1866,TheCC
909,42,ISFL,COL,1384,Ephenssta
908,42,ISFL,COL,1875,iStegosauruz
905,42,ISFL,CTC,3101,lordcoolcats
904,42,ISFL,CTC,2333,negs
911,42,ISFL,HON,2583,IceBear32
910,42,ISFL,HON,2637,MMFLEX
913,42,ISFL,NOLA,3133,Jaywe88
912,42,ISFL,NOLA,2080,MobiausGrander
915,42,ISFL,NYS,3138,Repgnar
914,42,ISFL,NYS,2214,zaynzk
916,42,ISFL,OCO,2199,slate
917,42,ISFL,OCO,2670,Beck
920,42,ISFL,SAR,2091,abh89
921,42,ISFL,SAR,2584,Fronk
918,42,ISFL,SJS,33,ckroyal92
919,42,ISFL,SJS,1641,RussDrivesTheBus
922,42,ISFL,YKW,1643,ZootTX
923,42,ISFL,YKW,2874,TubaDeus
871,41,ISFL,AUS,2706,unconfident
870,41,ISFL,AUS,2274,frazzle14
869,41,ISFL,AZ,2166,Kotasa
868,41,ISFL,AZ,1851,.simo
872,41,ISFL,BAL,2838,Trempale
873,41,ISFL,BAL,2490,dude_man
874,41,ISFL,BER,1297,Dewalt27
875,41,ISFL,BER,2196,r0tzbua
876,41,ISFL,CHI,1866,TheCC
877,41,ISFL,CHI,2492,Painted
878,41,ISFL,COL,1902,SwankyPants31
879,41,ISFL,COL,1384,Ephenssta
889,41,ISFL,CTC,3101,lordcoolcats
888,41,ISFL,CTC,2333,negs
881,41,ISFL,HON,2583,IceBear32
880,41,ISFL,HON,2637,MMFLEX
883,41,ISFL,NOLA,3133,Jaywe88
882,41,ISFL,NOLA,2080,MobiausGrander
885,41,ISFL,NYS,3138,Repgnar
884,41,ISFL,NYS,2214,zaynzk
886,41,ISFL,OCO,2199,slate
887,41,ISFL,OCO,2670,Beck
892,41,ISFL,SAR,2091,abh89
893,41,ISFL,SAR,2584,Fronk
890,41,ISFL,SJS,33,ckroyal92
891,41,ISFL,SJS,1641,RussDrivesTheBus
894,41,ISFL,YKW,2192,Arkz
895,41,ISFL,YKW,1643,ZootTX
842,40,ISFL,AUS,2274,frazzle14
843,40,ISFL,AUS,2706,unconfident
840,40,ISFL,AZ,1851,.simo
841,40,ISFL,AZ,2166,Kotasa
844,40,ISFL,BAL,2838,Trempale
845,40,ISFL,BAL,2490,dude_man
846,40,ISFL,BER,1297,Dewalt27
847,40,ISFL,BER,2196,r0tzbua
849,40,ISFL,CHI,2492,Painted
848,40,ISFL,CHI,1866,TheCC
851,40,ISFL,COL,1902,SwankyPants31
850,40,ISFL,COL,1661,Tesla
860,40,ISFL,CTC,2333,negs
861,40,ISFL,CTC,2615,Luciddreams702
853,40,ISFL,HON,2583,IceBear32
852,40,ISFL,HON,2637,MMFLEX
855,40,ISFL,NOLA,1781,SomeSay...
854,40,ISFL,NOLA,2198,GuitarMaster116
857,40,ISFL,NYS,1930,TheRocheLimit
856,40,ISFL,NYS,2214,zaynzk
859,40,ISFL,OCO,2670,Beck
858,40,ISFL,OCO,2199,slate
865,40,ISFL,SAR,2584,Fronk
864,40,ISFL,SAR,2091,abh89
862,40,ISFL,SJS,33,ckroyal92
863,40,ISFL,SJS,1641,RussDrivesTheBus
866,40,ISFL,YKW,2192,Arkz
867,40,ISFL,YKW,1643,ZootTX
814,39,ISFL,AUS,2274,frazzle14
815,39,ISFL,AUS,2706,unconfident
812,39,ISFL,AZ,1851,.simo
813,39,ISFL,AZ,2166,Kotasa
816,39,ISFL,BAL,2838,Trempale
817,39,ISFL,BAL,2490,dude_man
818,39,ISFL,BER,1297,Dewalt27
819,39,ISFL,BER,2196,r0tzbua
820,39,ISFL,CHI,1866,TheCC
821,39,ISFL,CHI,2492,Painted
823,39,ISFL,COL,1902,SwankyPants31
822,39,ISFL,COL,1661,Tesla
833,39,ISFL,CTC,2615,Luciddreams702
832,39,ISFL,CTC,2333,negs
825,39,ISFL,HON,2583,IceBear32
824,39,ISFL,HON,2637,MMFLEX
826,39,ISFL,NOLA,2198,GuitarMaster116
827,39,ISFL,NOLA,1781,SomeSay...
828,39,ISFL,NYS,2214,zaynzk
829,39,ISFL,NYS,1930,TheRocheLimit
830,39,ISFL,OCO,2199,slate
831,39,ISFL,OCO,2670,Beck
836,39,ISFL,SAR,2091,abh89
837,39,ISFL,SAR,2584,Fronk
834,39,ISFL,SJS,33,ckroyal92
835,39,ISFL,SJS,1641,RussDrivesTheBus
838,39,ISFL,YKW,2192,Arkz
839,39,ISFL,YKW,1643,ZootTX
787,38,ISFL,AUS,2706,unconfident
786,38,ISFL,AUS,2274,frazzle14
784,38,ISFL,AZ,1851,.simo
785,38,ISFL,AZ,2166,Kotasa
788,38,ISFL,BAL,1754,NicholasTheGreat
789,38,ISFL,BAL,2838,Trempale
790,38,ISFL,BER,1297,Dewalt27
791,38,ISFL,BER,1482,rapideagle
792,38,ISFL,CHI,1866,TheCC
793,38,ISFL,CHI,2492,Painted
795,38,ISFL,COL,1902,SwankyPants31
794,38,ISFL,COL,1661,Tesla
797,38,ISFL,HON,2583,IceBear32
796,38,ISFL,HON,2637,MMFLEX
799,38,ISFL,NOLA,1781,SomeSay...
798,38,ISFL,NOLA,2198,GuitarMaster116
801,38,ISFL,NYS,1930,TheRocheLimit
800,38,ISFL,NYS,2214,zaynzk
802,38,ISFL,OCO,2199,slate
803,38,ISFL,OCO,2670,Beck
804,38,ISFL,PHI,2333,negs
805,38,ISFL,PHI,2615,Luciddreams702
808,38,ISFL,SAR,2091,abh89
809,38,ISFL,SAR,2584,Fronk
807,38,ISFL,SJS,1641,RussDrivesTheBus
806,38,ISFL,SJS,33,ckroyal92
810,38,ISFL,YKW,2192,Arkz
811,38,ISFL,YKW,1643,ZootTX
758,37,ISFL,AUS,2274,frazzle14
759,37,ISFL,AUS,2706,unconfident
757,37,ISFL,AZ,2166,Kotasa
756,37,ISFL,AZ,1851,.simo
761,37,ISFL,BAL,2838,Trempale
760,37,ISFL,BAL,1754,NicholasTheGreat
763,37,ISFL,BER,1482,rapideagle
762,37,ISFL,BER,1297,Dewalt27
765,37,ISFL,CHI,2492,Painted
764,37,ISFL,CHI,1866,TheCC
767,37,ISFL,COL,1902,SwankyPants31
766,37,ISFL,COL,1661,Tesla
768,37,ISFL,HON,2637,MMFLEX
769,37,ISFL,HON,2583,IceBear32
771,37,ISFL,NOLA,1781,SomeSay...
770,37,ISFL,NOLA,2198,GuitarMaster116
773,37,ISFL,NYS,1930,TheRocheLimit
772,37,ISFL,NYS,2214,zaynzk
774,37,ISFL,OCO,2199,slate
775,37,ISFL,OCO,2670,Beck
776,37,ISFL,PHI,2333,negs
777,37,ISFL,PHI,2615,Luciddreams702
781,37,ISFL,SAR,2584,Fronk
780,37,ISFL,SAR,2091,abh89
779,37,ISFL,SJS,1641,RussDrivesTheBus
778,37,ISFL,SJS,33,ckroyal92
783,37,ISFL,YKW,1643,ZootTX
782,37,ISFL,YKW,2192,Arkz
730,36,ISFL,AUS,2274,frazzle14
731,36,ISFL,AUS,2706,unconfident
728,36,ISFL,AZ,2165,Crunk
729,36,ISFL,AZ,1851,.simo
732,36,ISFL,BAL,1754,NicholasTheGreat
733,36,ISFL,BAL,2838,Trempale
734,36,ISFL,BER,1297,Dewalt27
735,36,ISFL,BER,1482,rapideagle
736,36,ISFL,CHI,1866,TheCC
737,36,ISFL,CHI,2492,Painted
738,36,ISFL,COL,1661,Tesla
739,36,ISFL,COL,1902,SwankyPants31
741,36,ISFL,HON,2583,IceBear32
740,36,ISFL,HON,2637,MMFLEX
742,36,ISFL,NOLA,2198,GuitarMaster116
743,36,ISFL,NOLA,1781,SomeSay...
744,36,ISFL,NYS,2214,zaynzk
745,36,ISFL,NYS,1930,TheRocheLimit
746,36,ISFL,OCO,2284,ThunderTitan82
747,36,ISFL,OCO,2592,bowl0
748,36,ISFL,PHI,2333,negs
749,36,ISFL,PHI,2615,Luciddreams702
753,36,ISFL,SAR,2584,Fronk
752,36,ISFL,SAR,2091,abh89
750,36,ISFL,SJS,33,ckroyal92
751,36,ISFL,SJS,1641,RussDrivesTheBus
754,36,ISFL,YKW,2192,Arkz
755,36,ISFL,YKW,1643,ZootTX
702,35,ISFL,AUS,2274,frazzle14
703,35,ISFL,AUS,2706,unconfident
700,35,ISFL,AZ,2165,Crunk
701,35,ISFL,AZ,1851,.simo
705,35,ISFL,BAL,2838,Trempale
704,35,ISFL,BAL,1754,NicholasTheGreat
706,35,ISFL,BER,1297,Dewalt27
707,35,ISFL,BER,2124,Eldorian
709,35,ISFL,CHI,2162,Crodyman
708,35,ISFL,CHI,1866,TheCC
711,35,ISFL,COL,1902,SwankyPants31
710,35,ISFL,COL,1661,Tesla
713,35,ISFL,HON,2583,IceBear32
712,35,ISFL,HON,2637,MMFLEX
715,35,ISFL,NOLA,1781,SomeSay...
714,35,ISFL,NOLA,2198,GuitarMaster116
717,35,ISFL,NYS,1930,TheRocheLimit
716,35,ISFL,NYS,2214,zaynzk
719,35,ISFL,OCO,2592,bowl0
718,35,ISFL,OCO,2284,ThunderTitan82
721,35,ISFL,PHI,2615,Luciddreams702
720,35,ISFL,PHI,2333,negs
725,35,ISFL,SAR,2584,Fronk
724,35,ISFL,SAR,2091,abh89
722,35,ISFL,SJS,33,ckroyal92
723,35,ISFL,SJS,1641,RussDrivesTheBus
726,35,ISFL,YKW,2192,Arkz
727,35,ISFL,YKW,1643,ZootTX
674,34,ISFL,AUS,2274,frazzle14
675,34,ISFL,AUS,2706,unconfident
673,34,ISFL,AZ,2165,Crunk
672,34,ISFL,AZ,2082,Z-Whiz
677,34,ISFL,BAL,2838,Trempale
676,34,ISFL,BAL,1754,NicholasTheGreat
678,34,ISFL,BER,1297,Dewalt27
679,34,ISFL,BER,2124,Eldorian
680,34,ISFL,CHI,1866,TheCC
681,34,ISFL,CHI,2162,Crodyman
682,34,ISFL,COL,1661,Tesla
683,34,ISFL,COL,1902,SwankyPants31
684,34,ISFL,HON,2637,MMFLEX
685,34,ISFL,HON,2583,IceBear32
687,34,ISFL,NOLA,2198,GuitarMaster116
686,34,ISFL,NOLA,1592,mithrandir
688,34,ISFL,NYS,2214,zaynzk
689,34,ISFL,NYS,1930,TheRocheLimit
690,34,ISFL,OCO,2474,shrub02
691,34,ISFL,OCO,2284,ThunderTitan82
692,34,ISFL,PHI,2144,Pat
693,34,ISFL,PHI,2156,Cody
696,34,ISFL,SAR,2300,Mojojojo
697,34,ISFL,SAR,2091,abh89
694,34,ISFL,SJS,33,ckroyal92
695,34,ISFL,SJS,1641,RussDrivesTheBus
698,34,ISFL,YKW,2192,Arkz
699,34,ISFL,YKW,1643,ZootTX
646,33,ISFL,AUS,2274,frazzle14
647,33,ISFL,AUS,2706,unconfident
644,33,ISFL,AZ,2082,Z-Whiz
645,33,ISFL,AZ,2165,Crunk
648,33,ISFL,BAL,1257,Hallmonitor_20
649,33,ISFL,BAL,1754,NicholasTheGreat
650,33,ISFL,BER,1297,Dewalt27
651,33,ISFL,BER,1158,.Laser
652,33,ISFL,CHI,1866,TheCC
653,33,ISFL,CHI,2162,Crodyman
654,33,ISFL,COL,1661,Tesla
655,33,ISFL,COL,2744,g2019
656,33,ISFL,HON,1343,siddhus
657,33,ISFL,HON,2637,MMFLEX
659,33,ISFL,NOLA,2198,GuitarMaster116
658,33,ISFL,NOLA,1592,mithrandir
660,33,ISFL,NYS,2214,zaynzk
661,33,ISFL,NYS,1930,TheRocheLimit
662,33,ISFL,OCO,2526,Gragg9
663,33,ISFL,OCO,2474,shrub02
664,33,ISFL,PHI,2144,Pat
665,33,ISFL,PHI,2156,Cody
668,33,ISFL,SAR,2300,Mojojojo
669,33,ISFL,SAR,2091,abh89
667,33,ISFL,SJS,1641,RussDrivesTheBus
666,33,ISFL,SJS,33,ckroyal92
670,33,ISFL,YKW,2192,Arkz
671,33,ISFL,YKW,1643,ZootTX
619,32,ISFL,AUS,2274,frazzle14
618,32,ISFL,AUS,1961,Amidships
616,32,ISFL,AZ,2082,Z-Whiz
617,32,ISFL,AZ,2165,Crunk
620,32,ISFL,BAL,900,Frick_Nasty
621,32,ISFL,BAL,1257,Hallmonitor_20
622,32,ISFL,BER,1297,Dewalt27
623,32,ISFL,BER,1158,.Laser
625,32,ISFL,CHI,1866,TheCC
624,32,ISFL,CHI,399,Bayley
627,32,ISFL,COL,1661,Tesla
626,32,ISFL,COL,2102,SchwarzNarr
629,32,ISFL,HON,2637,MMFLEX
628,32,ISFL,HON,1343,siddhus
631,32,ISFL,NOLA,2198,GuitarMaster116
630,32,ISFL,NOLA,1592,mithrandir
633,32,ISFL,NYS,1930,TheRocheLimit
632,32,ISFL,NYS,2214,zaynzk
635,32,ISFL,OCO,2474,shrub02
634,32,ISFL,OCO,2526,Gragg9
636,32,ISFL,PHI,2144,Pat
637,32,ISFL,PHI,2156,Cody
641,32,ISFL,SAR,2091,abh89
640,32,ISFL,SAR,2300,Mojojojo
639,32,ISFL,SJS,1641,RussDrivesTheBus
638,32,ISFL,SJS,33,ckroyal92
643,32,ISFL,YKW,1643,ZootTX
642,32,ISFL,YKW,2192,Arkz
591,31,ISFL,AUS,2274,frazzle14
590,31,ISFL,AUS,1961,Amidships
588,31,ISFL,AZ,2082,Z-Whiz
589,31,ISFL,AZ,2165,Crunk
592,31,ISFL,BAL,900,Frick_Nasty
593,31,ISFL,BAL,1257,Hallmonitor_20
594,31,ISFL,BER,1297,Dewalt27
595,31,ISFL,BER,1937,Highhaschdi
597,31,ISFL,CHI,1866,TheCC
596,31,ISFL,CHI,399,Bayley
599,31,ISFL,COL,1661,Tesla
598,31,ISFL,COL,2102,SchwarzNarr
601,31,ISFL,HON,2637,MMFLEX
600,31,ISFL,HON,1343,siddhus
603,31,ISFL,NOLA,2198,GuitarMaster116
602,31,ISFL,NOLA,1592,mithrandir
605,31,ISFL,NYS,1930,TheRocheLimit
604,31,ISFL,NYS,2214,zaynzk
607,31,ISFL,OCO,2526,Gragg9
606,31,ISFL,OCO,1778,Memento Mori
609,31,ISFL,PHI,2156,Cody
608,31,ISFL,PHI,2144,Pat
612,31,ISFL,SAR,2300,Mojojojo
613,31,ISFL,SAR,2091,abh89
611,31,ISFL,SJS,1641,RussDrivesTheBus
610,31,ISFL,SJS,33,ckroyal92
614,31,ISFL,YKW,1717,PMoney
615,31,ISFL,YKW,2192,Arkz
562,30,ISFL,AUS,1961,Amidships
563,30,ISFL,AUS,2274,frazzle14
561,30,ISFL,AZ,2165,Crunk
560,30,ISFL,AZ,2082,Z-Whiz
564,30,ISFL,BAL,900,Frick_Nasty
565,30,ISFL,BAL,1257,Hallmonitor_20
566,30,ISFL,BER,1297,Dewalt27
567,30,ISFL,BER,1937,Highhaschdi
568,30,ISFL,CHI,399,Bayley
569,30,ISFL,CHI,1866,TheCC
570,30,ISFL,COL,1970,Sylphreni
571,30,ISFL,COL,2102,SchwarzNarr
573,30,ISFL,HON,2052,Attopax
572,30,ISFL,HON,1343,siddhus
575,30,ISFL,NOLA,2198,GuitarMaster116
574,30,ISFL,NOLA,1592,mithrandir
577,30,ISFL,NYS,1930,TheRocheLimit
576,30,ISFL,NYS,2214,zaynzk
578,30,ISFL,OCO,1609,Blasoon
579,30,ISFL,OCO,1778,Memento Mori
580,30,ISFL,PHI,2144,Pat
581,30,ISFL,PHI,2156,Cody
584,30,ISFL,SAR,1236,Frostbite
585,30,ISFL,SAR,2300,Mojojojo
582,30,ISFL,SJS,33,ckroyal92
583,30,ISFL,SJS,1625,Matty7478
586,30,ISFL,YKW,996,flyeaglesfly29
587,30,ISFL,YKW,1717,PMoney
534,29,ISFL,AUS,1961,Amidships
535,29,ISFL,AUS,1365,Kyle
532,29,ISFL,AZ,2082,Z-Whiz
533,29,ISFL,AZ,2165,Crunk
536,29,ISFL,BAL,900,Frick_Nasty
537,29,ISFL,BAL,1257,Hallmonitor_20
538,29,ISFL,BER,1297,Dewalt27
539,29,ISFL,BER,1937,Highhaschdi
541,29,ISFL,CHI,1866,TheCC
540,29,ISFL,CHI,399,Bayley
543,29,ISFL,COL,2102,SchwarzNarr
542,29,ISFL,COL,1970,Sylphreni
545,29,ISFL,HON,2052,Attopax
544,29,ISFL,HON,1343,siddhus
547,29,ISFL,NOLA,1592,mithrandir
546,29,ISFL,NOLA,1199,ddrector
549,29,ISFL,NYS,1930,TheRocheLimit
548,29,ISFL,NYS,2214,zaynzk
551,29,ISFL,OCO,1778,Memento Mori
550,29,ISFL,OCO,1609,Blasoon
553,29,ISFL,PHI,2156,Cody
552,29,ISFL,PHI,2144,Pat
556,29,ISFL,SAR,1236,Frostbite
557,29,ISFL,SAR,1847,sakrosankt
555,29,ISFL,SJS,1625,Matty7478
554,29,ISFL,SJS,33,ckroyal92
558,29,ISFL,YKW,996,flyeaglesfly29
559,29,ISFL,YKW,1717,PMoney
507,28,ISFL,AUS,1365,Kyle
506,28,ISFL,AUS,1961,Amidships
504,28,ISFL,AZ,2082,Z-Whiz
505,28,ISFL,AZ,2165,Crunk
508,28,ISFL,BAL,900,Frick_Nasty
509,28,ISFL,BAL,1257,Hallmonitor_20
510,28,ISFL,BER,1297,Dewalt27
511,28,ISFL,BER,1937,Highhaschdi
512,28,ISFL,CHI,399,Bayley
513,28,ISFL,CHI,1866,TheCC
514,28,ISFL,COL,1970,Sylphreni
515,28,ISFL,COL,2102,SchwarzNarr
516,28,ISFL,HON,1343,siddhus
517,28,ISFL,HON,2052,Attopax
519,28,ISFL,NOLA,1592,mithrandir
518,28,ISFL,NOLA,1199,ddrector
520,28,ISFL,NYS,1135,woelkers
521,28,ISFL,NYS,2214,zaynzk
522,28,ISFL,OCO,1609,Blasoon
523,28,ISFL,OCO,1778,Memento Mori
524,28,ISFL,PHI,2144,Pat
525,28,ISFL,PHI,2156,Cody
528,28,ISFL,SAR,1236,Frostbite
529,28,ISFL,SAR,1847,sakrosankt
526,28,ISFL,SJS,33,ckroyal92
527,28,ISFL,SJS,1625,Matty7478
530,28,ISFL,YKW,996,flyeaglesfly29
531,28,ISFL,YKW,1717,PMoney
478,27,ISFL,AUS,1961,Amidships
479,27,ISFL,AUS,1365,Kyle
476,27,ISFL,AZ,2082,Z-Whiz
477,27,ISFL,AZ,2165,Crunk
480,27,ISFL,BAL,1097,Buttersqauch101
481,27,ISFL,BAL,1060,Starboy
482,27,ISFL,BER,1297,Dewalt27
483,27,ISFL,BER,1937,Highhaschdi
485,27,ISFL,CHI,220,Muford
484,27,ISFL,CHI,399,Bayley
487,27,ISFL,COL,2102,SchwarzNarr
486,27,ISFL,COL,1970,Sylphreni
489,27,ISFL,HON,2052,Attopax
488,27,ISFL,HON,1343,siddhus
491,27,ISFL,NOLA,1592,mithrandir
490,27,ISFL,NOLA,1199,ddrector
493,27,ISFL,NYS,2214,zaynzk
492,27,ISFL,NYS,1135,woelkers
495,27,ISFL,OCO,1778,Memento Mori
494,27,ISFL,OCO,1609,Blasoon
496,27,ISFL,PHI,2144,Pat
497,27,ISFL,PHI,2156,Cody
501,27,ISFL,SAR,1847,sakrosankt
500,27,ISFL,SAR,1236,Frostbite
499,27,ISFL,SJS,1625,Matty7478
498,27,ISFL,SJS,33,ckroyal92
503,27,ISFL,YKW,1717,PMoney
502,27,ISFL,YKW,996,flyeaglesfly29
450,26,ISFL,AUS,1961,Amidships
451,26,ISFL,AUS,1365,Kyle
448,26,ISFL,AZ,2165,Crunk
449,26,ISFL,AZ,2082,Z-Whiz
452,26,ISFL,BAL,1097,Buttersqauch101
453,26,ISFL,BAL,1060,Starboy
454,26,ISFL,BER,1297,Dewalt27
455,26,ISFL,BER,1937,Highhaschdi
456,26,ISFL,CHI,399,Bayley
457,26,ISFL,CHI,220,Muford
458,26,ISFL,COL,1970,Sylphreni
459,26,ISFL,COL,1766,thevoicelesscreator
460,26,ISFL,HON,886,gucci
461,26,ISFL,HON,1343,siddhus
463,26,ISFL,NOLA,1592,mithrandir
462,26,ISFL,NOLA,1199,ddrector
464,26,ISFL,NYS,147,Bwestfield
465,26,ISFL,NYS,1135,woelkers
466,26,ISFL,OCO,1426,jeffie43
467,26,ISFL,OCO,1158,.Laser
468,26,ISFL,PHI,2144,Pat
469,26,ISFL,PHI,2156,Cody
473,26,ISFL,SAR,1847,sakrosankt
472,26,ISFL,SAR,1236,Frostbite
471,26,ISFL,SJS,958,Rradum
470,26,ISFL,SJS,33,ckroyal92
474,26,ISFL,YKW,996,flyeaglesfly29
475,26,ISFL,YKW,1717,PMoney
422,25,ISFL,AUS,1961,Amidships
423,25,ISFL,AUS,1073,Mooty99
421,25,ISFL,AZ,2082,Z-Whiz
420,25,ISFL,AZ,439,Unicorn
424,25,ISFL,BAL,1097,Buttersqauch101
425,25,ISFL,BAL,1060,Starboy
426,25,ISFL,BER,1297,Dewalt27
427,25,ISFL,BER,1937,Highhaschdi
429,25,ISFL,CHI,220,Muford
428,25,ISFL,CHI,399,Bayley
431,25,ISFL,COL,1766,thevoicelesscreator
430,25,ISFL,COL,1970,Sylphreni
433,25,ISFL,HON,1343,siddhus
432,25,ISFL,HON,886,gucci
435,25,ISFL,NOLA,867,slothfacekilla
434,25,ISFL,NOLA,1199,ddrector
437,25,ISFL,NYS,1135,woelkers
436,25,ISFL,NYS,147,Bwestfield
439,25,ISFL,OCO,1158,.Laser
438,25,ISFL,OCO,1426,jeffie43
441,25,ISFL,PHI,3878,soup
440,25,ISFL,PHI,2241,charlit
444,25,ISFL,SAR,1236,Frostbite
445,25,ISFL,SAR,1847,sakrosankt
443,25,ISFL,SJS,958,Rradum
442,25,ISFL,SJS,33,ckroyal92
446,25,ISFL,YKW,996,flyeaglesfly29
447,25,ISFL,YKW,1717,PMoney
398,24,ISFL,AUS,487,JKortesi81
399,24,ISFL,AUS,1073,Mooty99
396,24,ISFL,AZ,439,Unicorn
397,24,ISFL,AZ,2038,xQCFamous
400,24,ISFL,BAL,1097,Buttersqauch101
401,24,ISFL,BAL,883,Huskies311
403,24,ISFL,CHI,220,Muford
402,24,ISFL,CHI,399,Bayley
405,24,ISFL,COL,1135,woelkers
404,24,ISFL,COL,900,Frick_Nasty
407,24,ISFL,HON,24,Raven
406,24,ISFL,HON,886,gucci
409,24,ISFL,NOLA,971,TomHanks
408,24,ISFL,NOLA,1199,ddrector
411,24,ISFL,OCO,1158,.Laser
410,24,ISFL,OCO,1426,jeffie43
413,24,ISFL,PHI,3878,soup
412,24,ISFL,PHI,1257,Hallmonitor_20
416,24,ISFL,SAR,1236,Frostbite
417,24,ISFL,SAR,1847,sakrosankt
414,24,ISFL,SJS,33,ckroyal92
415,24,ISFL,SJS,958,Rradum
418,24,ISFL,YKW,996,flyeaglesfly29
419,24,ISFL,YKW,1717,PMoney
374,23,ISFL,AUS,487,JKortesi81
375,23,ISFL,AUS,1073,Mooty99
372,23,ISFL,AZ,439,Unicorn
373,23,ISFL,AZ,2038,xQCFamous
376,23,ISFL,BAL,1297,Dewalt27
377,23,ISFL,BAL,883,Huskies311
378,23,ISFL,CHI,399,Bayley
379,23,ISFL,CHI,220,Muford
380,23,ISFL,COL,900,Frick_Nasty
381,23,ISFL,COL,1135,woelkers
382,23,ISFL,HON,20,ADwyer87
383,23,ISFL,HON,24,Raven
384,23,ISFL,NOLA,1197,IsaStarcrossed
385,23,ISFL,NOLA,971,TomHanks
386,23,ISFL,OCO,1158,.Laser
387,23,ISFL,OCO,1285,Revolution5
388,23,ISFL,PHI,1257,Hallmonitor_20
389,23,ISFL,PHI,3878,soup
392,23,ISFL,SAR,1236,Frostbite
393,23,ISFL,SAR,186,RainDelay
390,23,ISFL,SJS,33,ckroyal92
391,23,ISFL,SJS,958,Rradum
395,23,ISFL,YKW,1004,shadyshoelace
394,23,ISFL,YKW,996,flyeaglesfly29
350,22,ISFL,AUS,487,JKortesi81
351,22,ISFL,AUS,1073,Mooty99
348,22,ISFL,AZ,1658,Isidore94
349,22,ISFL,AZ,439,Unicorn
352,22,ISFL,BAL,963,Duilio05
353,22,ISFL,BAL,883,Huskies311
355,22,ISFL,CHI,220,Muford
354,22,ISFL,CHI,399,Bayley
357,22,ISFL,COL,1135,woelkers
356,22,ISFL,COL,900,Frick_Nasty
359,22,ISFL,HON,24,Raven
358,22,ISFL,HON,20,ADwyer87
361,22,ISFL,NOLA,971,TomHanks
360,22,ISFL,NOLA,1197,IsaStarcrossed
363,22,ISFL,OCO,1285,Revolution5
362,22,ISFL,OCO,1158,.Laser
364,22,ISFL,PHI,1257,Hallmonitor_20
365,22,ISFL,PHI,1124,TubbyTim69
368,22,ISFL,SAR,1236,Frostbite
369,22,ISFL,SAR,186,RainDelay
366,22,ISFL,SJS,33,ckroyal92
367,22,ISFL,SJS,958,Rradum
370,22,ISFL,YKW,996,flyeaglesfly29
371,22,ISFL,YKW,1004,shadyshoelace
330,21,ISFL,AUS,487,JKortesi81
331,21,ISFL,AUS,1073,Mooty99
329,21,ISFL,AZ,439,Unicorn
328,21,ISFL,AZ,594,Drizzy
333,21,ISFL,BAL,883,Huskies311
332,21,ISFL,BAL,963,Duilio05
335,21,ISFL,CHI,792,MrStennett
334,21,ISFL,CHI,207,Jiggly_333
337,21,ISFL,COL,1135,woelkers
336,21,ISFL,COL,900,Frick_Nasty
339,21,ISFL,NOLA,971,TomHanks
338,21,ISFL,NOLA,402,JuOSu
341,21,ISFL,OCO,1285,Revolution5
340,21,ISFL,OCO,1158,.Laser
343,21,ISFL,PHI,1124,TubbyTim69
342,21,ISFL,PHI,1257,Hallmonitor_20
345,21,ISFL,SJS,958,Rradum
344,21,ISFL,SJS,33,ckroyal92
346,21,ISFL,YKW,996,flyeaglesfly29
347,21,ISFL,YKW,1004,shadyshoelace
310,20,ISFL,AUS,446,AdamS
311,20,ISFL,AUS,487,JKortesi81
308,20,ISFL,AZ,685,Moosecop
309,20,ISFL,AZ,277,SwagSloth
312,20,ISFL,BAL,963,Duilio05
313,20,ISFL,BAL,883,Huskies311
315,20,ISFL,CHI,950,ValorX77
314,20,ISFL,CHI,979,br0_0ker
317,20,ISFL,COL,900,Frick_Nasty
316,20,ISFL,COL,147,Bwestfield
319,20,ISFL,NOLA,971,TomHanks
318,20,ISFL,NOLA,402,JuOSu
321,20,ISFL,OCO,1285,Revolution5
320,20,ISFL,OCO,1158,.Laser
322,20,ISFL,PHI,1257,Hallmonitor_20
323,20,ISFL,PHI,1124,TubbyTim69
325,20,ISFL,SJS,958,Rradum
324,20,ISFL,SJS,33,ckroyal92
326,20,ISFL,YKW,996,flyeaglesfly29
327,20,ISFL,YKW,1004,shadyshoelace
290,19,ISFL,AUS,446,AdamS
291,19,ISFL,AUS,487,JKortesi81
288,19,ISFL,AZ,685,Moosecop
289,19,ISFL,AZ,277,SwagSloth
292,19,ISFL,BAL,963,Duilio05
293,19,ISFL,BAL,951,ScorpXCracker
294,19,ISFL,CHI,381,ItsJustBarry
295,19,ISFL,CHI,950,ValorX77
296,19,ISFL,COL,147,Bwestfield
297,19,ISFL,COL,900,Frick_Nasty
299,19,ISFL,NOLA,971,TomHanks
298,19,ISFL,NOLA,402,JuOSu
300,19,ISFL,OCO,1158,.Laser
301,19,ISFL,OCO,582,speculadora
302,19,ISFL,PHI,1205,goodvsevil1275
303,19,ISFL,PHI,1257,Hallmonitor_20
304,19,ISFL,SJS,33,ckroyal92
305,19,ISFL,SJS,958,Rradum
306,19,ISFL,YKW,828,Bigred1580
307,19,ISFL,YKW,1004,shadyshoelace
270,18,ISFL,AUS,446,AdamS
271,18,ISFL,AUS,487,JKortesi81
268,18,ISFL,AZ,685,Moosecop
269,18,ISFL,AZ,277,SwagSloth
273,18,ISFL,BAL,951,ScorpXCracker
272,18,ISFL,BAL,963,Duilio05
275,18,ISFL,CHI,640,Toasty
274,18,ISFL,CHI,207,Jiggly_333
277,18,ISFL,COL,900,Frick_Nasty
276,18,ISFL,COL,147,Bwestfield
279,18,ISFL,NOLA,971,TomHanks
278,18,ISFL,NOLA,402,JuOSu
281,18,ISFL,OCO,582,speculadora
280,18,ISFL,OCO,1158,.Laser
283,18,ISFL,PHI,300,iamslm22
282,18,ISFL,PHI,937,Fordhammer
285,18,ISFL,SJS,958,Rradum
284,18,ISFL,SJS,33,ckroyal92
286,18,ISFL,YKW,828,Bigred1580
287,18,ISFL,YKW,1004,shadyshoelace
250,17,ISFL,AUS,446,AdamS
251,17,ISFL,AUS,487,JKortesi81
248,17,ISFL,AZ,886,gucci
249,17,ISFL,AZ,277,SwagSloth
252,17,ISFL,BAL,658,iseedoug
253,17,ISFL,BAL,632,nunccoepi
255,17,ISFL,CHI,305,Oles
254,17,ISFL,CHI,996,flyeaglesfly29
257,17,ISFL,COL,562,infinitempg
256,17,ISFL,COL,147,Bwestfield
259,17,ISFL,NOLA,896,terriblehippo
258,17,ISFL,NOLA,402,JuOSu
260,17,ISFL,OCO,792,MrStennett
261,17,ISFL,OCO,582,speculadora
262,17,ISFL,PHI,662,BWIII
263,17,ISFL,PHI,225,Vanderjagt
265,17,ISFL,SJS,958,Rradum
264,17,ISFL,SJS,33,ckroyal92
266,17,ISFL,YKW,828,Bigred1580
267,17,ISFL,YKW,257,Daybe
230,16,ISFL,AUS,446,AdamS
231,16,ISFL,AUS,487,JKortesi81
228,16,ISFL,AZ,886,gucci
229,16,ISFL,AZ,277,SwagSloth
232,16,ISFL,BAL,658,iseedoug
233,16,ISFL,BAL,632,nunccoepi
234,16,ISFL,CHI,220,Muford
235,16,ISFL,CHI,305,Oles
237,16,ISFL,COL,562,infinitempg
236,16,ISFL,COL,147,Bwestfield
239,16,ISFL,NOLA,896,terriblehippo
238,16,ISFL,NOLA,402,JuOSu
240,16,ISFL,OCO,792,MrStennett
241,16,ISFL,OCO,582,speculadora
242,16,ISFL,PHI,662,BWIII
243,16,ISFL,PHI,225,Vanderjagt
244,16,ISFL,SJS,723,AW13
245,16,ISFL,SJS,33,ckroyal92
246,16,ISFL,YKW,828,Bigred1580
247,16,ISFL,YKW,257,Daybe
213,15,ISFL,AZ,277,SwagSloth
214,15,ISFL,BAL,658,iseedoug
215,15,ISFL,BAL,632,nunccoepi
216,15,ISFL,COL,147,Bwestfield
217,15,ISFL,COL,562,infinitempg
218,15,ISFL,NOLA,402,JuOSu
219,15,ISFL,NOLA,896,terriblehippo
220,15,ISFL,OCO,582,speculadora
221,15,ISFL,OCO,640,Toasty
222,15,ISFL,PHI,126,37thchamber
223,15,ISFL,PHI,662,BWIII
224,15,ISFL,SJS,723,AW13
225,15,ISFL,SJS,33,ckroyal92
226,15,ISFL,YKW,828,Bigred1580
227,15,ISFL,YKW,257,Daybe
199,14,ISFL,AZ,277,SwagSloth
201,14,ISFL,BAL,632,nunccoepi
200,14,ISFL,BAL,658,iseedoug
203,14,ISFL,COL,562,infinitempg
202,14,ISFL,COL,147,Bwestfield
204,14,ISFL,NOLA,402,JuOSu
206,14,ISFL,OCO,640,Toasty
205,14,ISFL,OCO,582,speculadora
208,14,ISFL,PHI,662,BWIII
207,14,ISFL,PHI,126,37thchamber
210,14,ISFL,SJS,33,ckroyal92
209,14,ISFL,SJS,723,AW13
212,14,ISFL,YKW,257,Daybe
211,14,ISFL,YKW,446,AdamS
184,13,ISFL,AZ,161,DeathOnReddit
185,13,ISFL,AZ,535,run_CMC
186,13,ISFL,BAL,300,iamslm22
187,13,ISFL,BAL,439,Unicorn
188,13,ISFL,COL,130,dropbear
189,13,ISFL,COL,562,infinitempg
190,13,ISFL,NOLA,399,Bayley
192,13,ISFL,OCO,640,Toasty
191,13,ISFL,OCO,582,speculadora
193,13,ISFL,PHI,126,37thchamber
194,13,ISFL,PHI,662,BWIII
195,13,ISFL,SJS,723,AW13
196,13,ISFL,SJS,33,ckroyal92
197,13,ISFL,YKW,257,Daybe
198,13,ISFL,YKW,218,White Cornerback
169,12,ISFL,AZ,161,DeathOnReddit
170,12,ISFL,AZ,535,run_CMC
171,12,ISFL,BAL,294,manicmav36
172,12,ISFL,BAL,300,iamslm22
173,12,ISFL,COL,130,dropbear
174,12,ISFL,COL,562,infinitempg
175,12,ISFL,NOLA,399,Bayley
177,12,ISFL,OCO,582,speculadora
176,12,ISFL,OCO,346,RedCydranth
179,12,ISFL,PHI,662,BWIII
178,12,ISFL,PHI,126,37thchamber
180,12,ISFL,SJS,723,AW13
181,12,ISFL,SJS,33,ckroyal92
182,12,ISFL,YKW,257,Daybe
183,12,ISFL,YKW,218,White Cornerback
155,11,ISFL,AZ,535,run_CMC
154,11,ISFL,AZ,684,dub
157,11,ISFL,BAL,300,iamslm22
156,11,ISFL,BAL,294,manicmav36
159,11,ISFL,COL,562,infinitempg
158,11,ISFL,COL,130,dropbear
161,11,ISFL,NOLA,399,Bayley
160,11,ISFL,NOLA,446,AdamS
163,11,ISFL,OCO,582,speculadora
162,11,ISFL,OCO,346,RedCydranth
164,11,ISFL,PHI,662,BWIII
166,11,ISFL,SJS,33,ckroyal92
165,11,ISFL,SJS,723,AW13
168,11,ISFL,YKW,218,White Cornerback
167,11,ISFL,YKW,145,Bzerkap
139,10,ISFL,AZ,684,dub
140,10,ISFL,AZ,535,run_CMC
141,10,ISFL,BAL,294,manicmav36
142,10,ISFL,BAL,300,iamslm22
143,10,ISFL,COL,130,dropbear
144,10,ISFL,COL,562,infinitempg
145,10,ISFL,NOLA,446,AdamS
146,10,ISFL,NOLA,399,Bayley
147,10,ISFL,OCO,346,RedCydranth
148,10,ISFL,OCO,582,speculadora
149,10,ISFL,PHI,135,adam2552
150,10,ISFL,PHI,662,BWIII
151,10,ISFL,SJS,33,ckroyal92
152,10,ISFL,YKW,145,Bzerkap
153,10,ISFL,YKW,218,White Cornerback
124,9,ISFL,AZ,530,Roly
125,9,ISFL,AZ,535,run_CMC
127,9,ISFL,BAL,300,iamslm22
126,9,ISFL,BAL,294,manicmav36
129,9,ISFL,COL,592,Supersquare04
128,9,ISFL,COL,242,sapp2013
130,9,ISFL,NOLA,265,bovovovo
132,9,ISFL,OCO,582,speculadora
131,9,ISFL,OCO,149,Molarpistols
134,9,ISFL,PHI,662,BWIII
133,9,ISFL,PHI,135,adam2552
136,9,ISFL,SJS,646,Dawegg
135,9,ISFL,SJS,33,ckroyal92
138,9,ISFL,YKW,218,White Cornerback
137,9,ISFL,YKW,145,Bzerkap
108,8,ISFL,AZ,530,Roly
109,8,ISFL,AZ,535,run_CMC
110,8,ISFL,BAL,294,manicmav36
111,8,ISFL,BAL,300,iamslm22
113,8,ISFL,COL,382,TheMemeMaestro
112,8,ISFL,COL,592,Supersquare04
115,8,ISFL,NOLA,265,bovovovo
114,8,ISFL,NOLA,245,AsylumParty
117,8,ISFL,OCO,582,speculadora
116,8,ISFL,OCO,149,Molarpistols
119,8,ISFL,PHI,459,PDXBaller
118,8,ISFL,PHI,314,kckolbe
120,8,ISFL,SJS,33,ckroyal92
121,8,ISFL,SJS,646,Dawegg
122,8,ISFL,YKW,145,Bzerkap
123,8,ISFL,YKW,277,SwagSloth
93,7,ISFL,AZ,535,run_CMC
92,7,ISFL,AZ,161,DeathOnReddit
94,7,ISFL,BAL,151,HENDRIX
95,7,ISFL,BAL,381,ItsJustBarry
96,7,ISFL,COL,242,sapp2013
97,7,ISFL,COL,382,TheMemeMaestro
99,7,ISFL,NOLA,494,tbone415
98,7,ISFL,NOLA,265,bovovovo
101,7,ISFL,OCO,149,Molarpistols
100,7,ISFL,OCO,147,Bwestfield
102,7,ISFL,PHI,305,Oles
103,7,ISFL,PHI,459,PDXBaller
104,7,ISFL,SJS,33,ckroyal92
105,7,ISFL,SJS,220,Muford
106,7,ISFL,YKW,145,Bzerkap
107,7,ISFL,YKW,277,SwagSloth
76,6,ISFL,AZ,446,AdamS
77,6,ISFL,AZ,161,DeathOnReddit
79,6,ISFL,BAL,381,ItsJustBarry
78,6,ISFL,BAL,151,HENDRIX
81,6,ISFL,COL,382,TheMemeMaestro
80,6,ISFL,COL,242,sapp2013
83,6,ISFL,NOLA,265,bovovovo
82,6,ISFL,NOLA,271,Ben
85,6,ISFL,OCO,149,Molarpistols
84,6,ISFL,OCO,147,Bwestfield
87,6,ISFL,PHI,459,PDXBaller
86,6,ISFL,PHI,305,Oles
89,6,ISFL,SJS,220,Muford
88,6,ISFL,SJS,33,ckroyal92
90,6,ISFL,YKW,145,Bzerkap
91,6,ISFL,YKW,277,SwagSloth
61,5,ISFL,AZ,161,DeathOnReddit
60,5,ISFL,AZ,446,AdamS
63,5,ISFL,BAL,381,ItsJustBarry
62,5,ISFL,BAL,151,HENDRIX
65,5,ISFL,COL,382,TheMemeMaestro
64,5,ISFL,COL,242,sapp2013
67,5,ISFL,NOLA,460,Keyg_an
66,5,ISFL,NOLA,271,Ben
69,5,ISFL,OCO,149,Molarpistols
68,5,ISFL,OCO,147,Bwestfield
71,5,ISFL,PHI,305,Oles
70,5,ISFL,PHI,25,RavensFanFromOntario
73,5,ISFL,SJS,220,Muford
72,5,ISFL,SJS,33,ckroyal92
74,5,ISFL,YKW,145,Bzerkap
75,5,ISFL,YKW,277,SwagSloth
44,4,ISFL,AZ,331,4D Chess
45,4,ISFL,AZ,20,ADwyer87
46,4,ISFL,BAL,151,HENDRIX
47,4,ISFL,BAL,381,ItsJustBarry
48,4,ISFL,COL,257,Daybe
49,4,ISFL,COL,382,TheMemeMaestro
50,4,ISFL,NOLA,271,Ben
51,4,ISFL,NOLA,460,Keyg_an
52,4,ISFL,OCO,402,JuOSu
53,4,ISFL,OCO,149,Molarpistols
54,4,ISFL,PHI,25,RavensFanFromOntario
55,4,ISFL,PHI,305,Oles
56,4,ISFL,SJS,33,ckroyal92
57,4,ISFL,SJS,220,Muford
58,4,ISFL,YKW,265,bovovovo
59,4,ISFL,YKW,145,Bzerkap
28,3,ISFL,AZ,331,4D Chess
29,3,ISFL,AZ,20,ADwyer87
30,3,ISFL,BAL,151,HENDRIX
31,3,ISFL,BAL,381,ItsJustBarry
33,3,ISFL,COL,382,TheMemeMaestro
32,3,ISFL,COL,257,Daybe
35,3,ISFL,NOLA,25,RavensFanFromOntario
34,3,ISFL,NOLA,271,Ben
37,3,ISFL,OCO,140,Roshambo
36,3,ISFL,OCO,149,Molarpistols
38,3,ISFL,PHI,135,adam2552
39,3,ISFL,PHI,305,Oles
40,3,ISFL,SJS,33,ckroyal92
41,3,ISFL,SJS,220,Muford
42,3,ISFL,YKW,265,bovovovo
43,3,ISFL,YKW,145,Bzerkap
13,2,ISFL,AZ,331,4D Chess
14,2,ISFL,AZ,20,ADwyer87
16,2,ISFL,BAL,94,Noppadet
15,2,ISFL,BAL,151,HENDRIX
17,2,ISFL,COL,21,Noble
19,2,ISFL,NOLA,25,RavensFanFromOntario
18,2,ISFL,NOLA,115,Anti-Hype
21,2,ISFL,OCO,207,Jiggly_333
20,2,ISFL,OCO,104,Jbearly
23,2,ISFL,PHI,268,Silver Fox
22,2,ISFL,PHI,135,adam2552
25,2,ISFL,SJS,33,ckroyal92
24,2,ISFL,SJS,159,7hawk77
26,2,ISFL,YKW,145,Bzerkap
27,2,ISFL,YKW,8,NUCK
1,1,ISFL,AZ,135,adam2552
2,1,ISFL,AZ,20,ADwyer87
4,1,ISFL,BAL,34,evryday
3,1,ISFL,BAL,54,.Broken
6,1,ISFL,COL,21,Noble
5,1,ISFL,COL,12,DELIRIVM
8,1,ISFL,OCO,104,Jbearly
7,1,ISFL,OCO,7,Grapehead
10,1,ISFL,SJS,6,Perkules
9,1,ISFL,SJS,33,ckroyal92
12,1,ISFL,YKW,8,NUCK
11,1,ISFL,YKW,25,RavensFanFromOntario
