uid,username,league,seasons,regWins,regLosses,regTies,regGames,playoffWins,playoffLosses,playoffTies,playoffGames,championships
2583,IceBear32,ISFL,29,251,209,4,464,17,13,0,30,5
2637,MMFLEX,ISFL,27,203,229,0,432,16,8,0,24,5
2166,Kotasa,ISFL,10,113,47,0,160,14,4,0,18,5
582,speculadora,ISFL,12,111,53,0,164,11,7,0,18,5
3666,swoosh,ISFL,16,170,85,1,256,20,11,0,31,4
1851,.simo,ISFL,9,104,40,0,144,14,5,0,19,4
1902,SwankyPants31,ISFL,18,149,136,3,288,12,6,0,18,3
996,flyeaglesfly29,ISFL,12,112,68,0,180,10,5,0,15,3
33,ckroyal92,ISFL,45,288,378,3,669,8,8,0,16,3
149,Molarpistols,ISFL,7,70,28,0,98,7,4,0,11,3
20,ADwyer87,ISFL,6,57,28,0,85,6,1,0,7,3
4308,RoyRivers,ISFL,7,80,32,0,112,11,4,0,15,2
3826,Tmoney6996,ISFL,16,137,119,0,256,8,5,0,13,2
2214,zaynzk,ISFL,16,122,133,1,256,8,4,0,12,2
1158,.Laser,ISFL,11,106,55,0,161,8,8,0,16,2
1930,TheRocheLimit,ISFL,12,87,104,1,192,8,2,0,10,2
3559,CROney3,ISFL,11,121,55,0,176,7,6,0,13,2
1236,Frostbite,ISFL,9,89,52,0,141,7,6,0,13,2
277,SwagSloth,ISFL,11,86,62,1,149,7,5,0,12,2
3743,lemonoppy,ISFL,6,63,33,0,96,7,3,0,10,2
402,JuOSu,ISFL,9,54,66,0,120,7,2,0,9,2
147,Bwestfield,ISFL,12,79,88,0,167,6,5,0,11,2
1717,PMoney,ISFL,8,75,53,0,128,5,1,0,6,2
446,AdamS,ISFL,10,68,67,0,135,5,4,0,9,2
958,Rradum,ISFL,10,62,80,0,142,5,1,0,6,2
4372,Dmac1200,ISFL,3,31,15,2,48,5,1,0,6,2
3594,toofpete,ISFL,7,60,52,0,112,4,1,0,5,2
331,4D Chess,ISFL,3,37,5,0,42,4,1,0,5,2
2091,abh89,ISFL,32,287,222,3,512,11,16,0,27,1
2584,Fronk,ISFL,19,171,131,2,304,9,8,0,17,1
3573,wizard_literal,ISFL,12,104,86,2,192,8,4,0,12,1
3101,lordcoolcats,ISFL,22,169,182,1,352,7,9,0,16,1
1004,shadyshoelace,ISFL,6,57,24,0,81,7,5,0,12,1
2333,negs,ISFL,14,133,91,0,224,6,6,0,12,1
1866,TheCC,ISFL,16,131,124,1,256,6,7,0,13,1
900,Frick_Nasty,ISFL,12,78,99,0,177,6,6,0,12,1
2706,unconfident,ISFL,19,151,152,1,304,5,6,0,11,1
399,Bayley,ISFL,15,105,124,0,229,5,6,0,11,1
1643,ZootTX,ISFL,12,104,88,0,192,5,6,0,11,1
2192,Arkz,ISFL,11,97,79,0,176,5,6,0,11,1
3828,Bamford13,ISFL,8,91,36,1,128,5,6,0,11,1
1135,woelkers,ISFL,8,70,52,0,122,5,5,0,10,1
1847,sakrosankt,ISFL,6,64,32,0,96,5,5,0,10,1
300,iamslm22,ISFL,7,56,41,0,97,5,4,0,9,1
971,TomHanks,ISFL,7,55,42,0,97,5,5,0,10,1
487,JKortesi81,ISFL,9,54,68,1,123,5,5,0,10,1
2224,zeagle1,ISFL,5,52,27,1,80,5,4,0,9,1
294,manicmav36,ISFL,5,48,22,0,70,5,4,0,9,1
3515,UptownCord,ISFL,19,129,175,0,304,4,3,0,7,1
145,Bzerkap,ISFL,10,83,56,1,140,4,5,0,9,1
3957,Daniel,ISFL,7,53,58,1,112,4,2,0,6,1
1754,NicholasTheGreat,ISFL,6,50,46,0,96,4,2,0,6,1
2827,PugWalrus,ISFL,6,45,51,0,96,4,1,0,5,1
265,bovovovo,ISFL,6,42,41,1,84,4,2,0,6,1
658,iseedoug,ISFL,4,38,16,0,54,4,2,0,6,1
632,nunccoepi,ISFL,4,38,16,0,54,4,2,0,6,1
1343,siddhus,ISFL,9,65,78,1,144,3,1,0,4,1
2490,dude_man,ISFL,7,62,49,1,112,3,3,0,6,1
1257,Hallmonitor_20,ISFL,12,61,119,0,180,3,1,0,4,1
305,Oles,ISFL,7,60,35,1,96,3,5,0,8,1
723,AW13,ISFL,6,50,33,0,83,3,4,0,7,1
3153,Charple,ISFL,3,36,11,1,48,3,2,0,5,1
886,gucci,ISFL,5,35,39,0,74,3,1,0,4,1
2162,Crodyman,ISFL,3,31,16,1,48,3,2,0,5,1
459,PDXBaller,ISFL,3,26,16,0,42,3,1,0,4,1
4546,uhnp,ISFL,2,26,6,0,32,3,0,0,3,1
792,MrStennett,ISFL,3,22,17,0,39,3,1,0,4,1
2300,Mojojojo,ISFL,5,52,27,1,80,2,4,0,6,1
4263,lunaripcole,ISFL,5,50,30,0,80,2,2,0,4,1
640,Toasty,ISFL,4,33,22,0,55,2,2,0,4,1
346,RedCydranth,ISFL,3,28,14,0,42,2,2,0,4,1
135,adam2552,ISFL,5,26,43,1,70,2,1,0,3,1
1297,Dewalt27,ISFL,27,200,230,2,432,8,7,0,15,0
1073,Mooty99,ISFL,22,170,174,2,346,6,8,0,14,0
1875,iStegosauruz,ISFL,21,150,186,0,336,4,10,0,14,0
2165,Crunk,ISFL,11,122,53,1,176,4,10,0,14,0
3138,Repgnar,ISFL,10,84,75,1,160,4,4,0,8,0
1592,mithrandir,ISFL,9,60,84,0,144,4,4,0,8,0
1199,ddrector,ISFL,6,48,48,0,96,4,4,0,8,0
1124,TubbyTim69,ISFL,10,78,73,0,151,3,5,0,8,0
662,BWIII,ISFL,9,55,69,0,124,3,5,0,8,0
3888,thewhovian,ISFL,6,49,47,0,96,3,2,0,5,0
1426,jeffie43,ISFL,5,41,39,0,80,3,4,0,7,0
2492,Painted,ISFL,14,118,106,0,224,2,6,0,8,0
2082,Z-Whiz,ISFL,10,109,50,1,160,2,9,0,11,0
1961,Amidships,ISFL,8,67,60,1,128,2,4,0,6,0
4324,IR15H0000000000,ISFL,11,64,110,2,176,2,4,0,6,0
1937,Highhaschdi,ISFL,7,59,53,0,112,2,3,0,5,0
1970,Sylphreni,ISFL,6,59,36,1,96,2,3,0,5,0
2102,SchwarzNarr,ISFL,6,56,39,1,96,2,3,0,5,0
2196,r0tzbua,ISFL,8,53,74,1,128,2,1,0,3,0
2874,TubaDeus,ISFL,7,52,60,0,112,2,1,0,3,0
151,HENDRIX,ISFL,6,46,38,0,84,2,3,0,5,0
828,Bigred1580,ISFL,5,45,21,0,66,2,4,0,6,0
4465,Griff,ISFL,4,41,23,0,64,2,2,0,4,0
963,Duilio05,ISFL,5,32,33,0,65,2,4,0,6,0
4480,CowboyBlender,ISFL,3,29,19,0,48,2,2,0,4,0
1365,Kyle,ISFL,4,26,37,1,64,2,1,0,3,0
3586,Sizz,ISFL,2,18,14,0,32,2,2,0,4,0
2474,shrub02,ISFL,3,17,31,0,48,2,1,0,3,0
2526,Gragg9,ISFL,3,16,32,0,48,2,1,0,3,0
951,ScorpXCracker,ISFL,2,14,12,0,26,2,2,0,4,0
225,Vanderjagt,ISFL,2,12,14,0,26,2,1,0,3,0
1641,RussDrivesTheBus,ISFL,32,217,291,4,512,1,7,0,8,0
3793,homercrates,ISFL,10,97,62,1,160,1,5,0,6,0
2565,Urq660,ISFL,11,91,82,3,176,1,4,0,5,0
220,Muford,ISFL,12,89,86,1,176,1,6,0,7,0
1486,juniped,ISFL,10,87,72,1,160,1,5,0,6,0
3551,Cycro,ISFL,14,86,137,1,224,1,4,0,5,0
2670,Beck,ISFL,11,85,89,2,176,1,3,0,4,0
3527,LtHudz,ISFL,9,73,69,2,144,1,4,0,5,0
2198,GuitarMaster116,ISFL,11,72,104,0,176,1,3,0,4,0
1661,Tesla,ISFL,10,63,95,2,160,1,1,0,2,0
2838,Trempale,ISFL,8,56,72,0,128,1,2,0,3,0
1781,SomeSay...,ISFL,6,44,52,0,96,1,2,0,3,0
562,infinitempg,ISFL,8,43,67,0,110,1,3,0,4,0
2199,slate,ISFL,6,42,52,2,96,1,2,0,3,0
381,ItsJustBarry,ISFL,6,41,42,0,83,1,2,0,3,0
1285,Revolution5,ISFL,4,38,17,0,55,1,4,0,5,0
4099,ACynicalGamer,ISFL,5,37,43,0,80,1,2,0,3,0
126,37thchamber,ISFL,4,32,24,0,56,1,4,0,5,0
130,dropbear,ISFL,4,31,25,0,56,1,3,0,4,0
4629,bobtrek,ISFL,3,29,19,0,48,1,2,0,3,0
685,Moosecop,ISFL,3,21,18,0,39,1,1,0,2,0
1766,thevoicelesscreator,ISFL,2,21,11,0,32,1,1,0,2,0
2124,Eldorian,ISFL,2,19,12,1,32,1,1,0,2,0
1482,rapideagle,ISFL,3,19,29,0,48,1,1,0,2,0
21,Noble,ISFL,2,16,12,0,28,1,1,0,2,0
245,AsylumParty,ISFL,1,9,5,0,14,1,1,0,2,0
12,DELIRIVM,ISFL,1,8,6,0,14,1,1,0,2,0
94,Noppadet,ISFL,1,8,6,0,14,1,1,0,2,0
2461,firstfray,ISFL,19,136,168,0,304,0,4,0,4,0
2274,frazzle14,ISFL,15,126,113,1,240,0,7,0,7,0
3778,Triceracop,ISFL,13,86,122,0,208,0,2,0,2,0
3232,PurplePiratePoo,ISFL,8,57,71,0,128,0,3,0,3,0
2144,Pat,ISFL,9,56,87,1,144,0,1,0,1,0
2156,Cody,ISFL,9,56,87,1,144,0,1,0,1,0
3757,RobJG2,ISFL,9,52,91,1,144,0,3,0,3,0
2615,Luciddreams702,ISFL,6,50,46,0,96,0,1,0,1,0
2160,Swanty,ISFL,6,49,47,0,96,0,2,0,2,0
257,Daybe,ISFL,8,42,68,0,110,0,2,0,2,0
4653,TheAmericanPineapple,ISFL,5,42,38,0,80,0,2,0,2,0
3951,Jackienape,ISFL,9,40,102,2,144,0,2,0,2,0
4162,Dev0,ISFL,6,39,57,0,96,0,0,0,0,0
439,Unicorn,ISFL,6,37,50,1,88,0,1,0,1,0
535,run_CMC,ISFL,7,35,63,0,98,0,1,0,1,0
1384,Ephenssta,ISFL,5,35,45,0,80,0,2,0,2,0
1778,Memento Mori,ISFL,5,34,46,0,80,0,0,0,0,0
161,DeathOnReddit,ISFL,5,33,37,0,70,0,2,0,2,0
4492,Casey,ISFL,4,32,32,0,64,0,0,0,0,0
1609,Blasoon,ISFL,4,30,34,0,64,0,0,0,0,0
883,Huskies311,ISFL,5,29,42,0,71,0,2,0,2,0
2052,Attopax,ISFL,4,29,34,1,64,0,1,0,1,0
3282,Gadget,ISFL,5,27,53,0,80,0,0,0,0,0
218,White Cornerback,ISFL,5,26,44,0,70,0,0,0,0,0
25,RavensFanFromOntario,ISFL,5,23,19,0,42,0,2,0,2,0
1625,Matty7478,ISFL,4,23,40,1,64,0,0,0,0,0
2284,ThunderTitan82,ISFL,3,21,27,0,48,0,1,0,1,0
2931,Dindog,ISFL,3,21,27,0,48,0,0,0,0,0
24,Raven,ISFL,3,19,26,0,45,0,0,0,0,0
3878,soup,ISFL,3,19,29,0,48,0,1,0,1,0
207,Jiggly_333,ISFL,3,18,22,0,40,0,1,0,1,0
104,Jbearly,ISFL,2,17,11,0,28,0,2,0,2,0
1197,IsaStarcrossed,ISFL,2,17,12,0,29,0,2,0,2,0
2038,xQCFamous,ISFL,2,17,15,0,32,0,0,0,0,0
1097,Buttersqauch101,ISFL,4,17,47,0,64,0,0,0,0,0
8,NUCK,ISFL,2,16,12,0,28,0,2,0,2,0
2592,bowl0,ISFL,2,16,16,0,32,0,1,0,1,0
3919,amjohnson636,ISFL,4,16,48,0,64,0,0,0,0,0
592,Supersquare04,ISFL,2,14,14,0,28,0,1,0,1,0
186,RainDelay,ISFL,2,14,15,0,29,0,1,0,1,0
1060,Starboy,ISFL,3,14,34,0,48,0,0,0,0,0
3490,baz,ISFL,4,13,51,0,64,0,0,0,0,0
382,TheMemeMaestro,ISFL,6,12,72,0,84,0,0,0,0,0
896,terriblehippo,ISFL,3,12,28,0,40,0,0,0,0,0
3570,aeonsjenni,ISFL,5,12,68,0,80,0,0,0,0,0
242,sapp2013,ISFL,4,10,46,0,56,0,1,0,1,0
684,dub,ISFL,2,10,18,0,28,0,0,0,0,0
4697,Mikemart,ISFL,1,10,6,0,16,0,1,0,1,0
7,Grapehead,ISFL,1,9,5,0,14,0,1,0,1,0
2744,g2019,ISFL,1,9,7,0,16,0,0,0,0,0
140,Roshambo,ISFL,1,8,6,0,14,0,1,0,1,0
530,Roly,ISFL,2,8,20,0,28,0,0,0,0,0
2404,Gumbaman,ISFL,1,8,8,0,16,0,0,0,0,0
4544,rrf_1,ISFL,1,8,8,0,16,0,0,0,0,0
314,kckolbe,ISFL,1,7,7,0,14,0,0,0,0,0
950,ValorX77,ISFL,2,7,19,0,26,0,0,0,0,0
867,slothfacekilla,ISFL,1,7,9,0,16,0,0,0,0,0
2241,charlit,ISFL,1,7,9,0,16,0,0,0,0,0
1205,goodvsevil1275,ISFL,1,6,7,0,13,0,0,0,0,0
2080,MobiausGrander,ISFL,4,6,58,0,64,0,0,0,0,0
3707,electrictree,ISFL,1,6,10,0,16,0,0,0,0,0
268,Silver Fox,ISFL,1,5,9,0,14,0,0,0,0,0
54,.Broken,ISFL,1,4,10,0,14,0,0,0,0,0
34,evryday,ISFL,1,4,10,0,14,0,0,0,0,0
6,Perkules,ISFL,1,4,10,0,14,0,0,0,0,0
159,7hawk77,ISFL,1,4,10,0,14,0,0,0,0,0
494,tbone415,ISFL,1,4,10,0,14,0,0,0,0,0
937,Fordhammer,ISFL,1,4,9,0,13,0,0,0,0,0
979,br0_0ker,ISFL,1,4,9,0,13,0,0,0,0,0
1658,Isidore94,ISFL,1,4,8,1,13,0,0,0,0,0
646,Dawegg,ISFL,2,3,25,0,28,0,0,0,0,0
594,Drizzy,ISFL,1,3,10,0,13,0,0,0,0,0
271,Ben,ISFL,4,2,11,1,14,0,0,0,0,0
3133,Jaywe88,ISFL,2,2,30,0,32,0,0,0,0,0
4634,Degradation,ISFL,1,2,14,0,16,0,0,0,0,0
