season,pid,uid,draft_season,old_tpe,pct,regression_tpe,new_tpe
52,5332,4308,51,353,0,0,353
52,5354,4298,51,351,0,0,351
53,5332,4308,51,353,0,0,353
53,5354,4298,51,351,0,0,351
53,5387,3428,52,177,0,0,177
53,5388,4371,52,157,0,0,157
53,5397,1107,52,532,0,0,532
53,5401,2232,52,363,0,0,363
53,5406,4364,52,297,0,0,297
53,5408,3919,52,311,0,0,311
53,5413,2855,52,155,0,0,155
54,5332,4308,51,353,0,0,353
54,5354,4298,51,351,0,0,351
54,5387,3428,52,177,0,0,177
54,5388,4371,52,157,0,0,157
54,5397,1107,52,532,0,0,532
54,5401,2232,52,363,0,0,363
54,5406,4364,52,297,0,0,297
54,5408,3919,52,311,0,0,311
54,5413,2855,52,155,0,0,155
54,5442,402,53,624,0,0,624
54,5444,294,53,382,0,0,382
54,5454,4392,53,593,0,0,593
54,5455,1098,53,576,0,0,576
54,5457,186,53,335,0,0,335
54,5458,4394,53,351,0,0,351
54,5459,2474,53,215,0,0,215
54,5463,2101,53,404,0,0,404
54,5465,2592,53,695,0,0,695
54,5467,2166,53,420,0,0,420
55,5332,4308,51,353,0,0,353
55,5354,4298,51,351,0,0,351
55,5387,3428,52,177,0,0,177
55,5388,4371,52,157,0,0,157
55,5397,1107,52,532,0,0,532
55,5401,2232,52,363,0,0,363
55,5406,4364,52,297,0,0,297
55,5408,3919,52,311,0,0,311
55,5413,2855,52,155,0,0,155
55,5442,402,53,624,0,0,624
55,5444,294,53,382,0,0,382
55,5454,4392,53,593,0,0,593
55,5455,1098,53,576,0,0,576
55,5457,186,53,335,0,0,335
55,5458,4394,53,351,0,0,351
55,5459,2474,53,215,0,0,215
55,5463,2101,53,404,0,0,404
55,5465,2592,53,695,0,0,695
55,5467,2166,53,420,0,0,420
55,5474,4480,54,966,0,0,966
55,5475,3316,54,217,0,0,217
55,5476,4455,54,479,0,0,479
55,5479,1426,54,390,0,0,390
55,5480,4508,54,179,0,0,179
55,5481,4463,54,334,0,0,334
55,5485,3203,54,268,0,0,268
55,5491,4466,54,743,0,0,743
55,5494,4467,54,458,0,0,458
55,5495,1257,54,198,0,0,198
55,5496,2272,54,918,0,0,918
55,5497,4492,54,993,0,0,993
55,5498,4475,54,530,0,0,530
55,5499,4476,54,698,0,0,698
55,5508,2688,54,824,0,0,824
55,5509,3751,54,920,0,0,920
55,5510,1739,54,998,0,0,998
55,5511,3951,54,775,0,0,775
55,5515,4465,54,1020,0,0,1020
55,5516,1163,54,976,0,0,976
55,5522,220,54,839,0,0,839
55,5523,4468,54,736,0,0,736
55,5524,4481,54,988,0,0,988
55,5525,4451,54,263,0,0,263
55,5526,3636,54,584,0,0,584
55,5530,4486,54,253,0,0,253
55,5533,3931,54,867,0,0,867
55,5536,2390,54,490,0,0,490
55,5537,4453,54,372,0,0,372
55,5538,2535,54,224,0,0,224
55,5545,3433,54,550,0,0,550
55,5551,1222,54,738,0,0,738
56,5332,4308,51,353,0,0,353
56,5354,4298,51,351,0,0,351
56,5387,3428,52,177,0,0,177
56,5388,4371,52,157,0,0,157
56,5397,1107,52,532,0,0,532
56,5401,2232,52,363,0,0,363
56,5406,4364,52,297,0,0,297
56,5408,3919,52,311,0,0,311
56,5413,2855,52,155,0,0,155
56,5442,402,53,624,0,0,624
56,5444,294,53,382,0,0,382
56,5454,4392,53,593,0,0,593
56,5455,1098,53,576,0,0,576
56,5457,186,53,335,0,0,335
56,5458,4394,53,351,0,0,351
56,5459,2474,53,215,0,0,215
56,5463,2101,53,404,0,0,404
56,5465,2592,53,695,0,0,695
56,5467,2166,53,420,0,0,420
56,5474,4480,54,966,0,0,966
56,5475,3316,54,217,0,0,217
56,5476,4455,54,479,0,0,479
56,5479,1426,54,390,0,0,390
56,5480,4508,54,179,0,0,179
56,5481,4463,54,334,0,0,334
56,5485,3203,54,268,0,0,268
56,5491,4466,54,743,0,0,743
56,5494,4467,54,458,0,0,458
56,5495,1257,54,198,0,0,198
56,5496,2272,54,918,0,0,918
56,5497,4492,54,993,0,0,993
56,5498,4475,54,530,0,0,530
56,5499,4476,54,698,0,0,698
56,5508,2688,54,824,0,0,824
56,5509,3751,54,920,0,0,920
56,5510,1739,54,998,0,0,998
56,5511,3951,54,775,0,0,775
56,5515,4465,54,1020,0,0,1020
56,5516,1163,54,976,0,0,976
56,5522,220,54,839,0,0,839
56,5523,4468,54,736,0,0,736
56,5524,4481,54,988,0,0,988
56,5525,4451,54,263,0,0,263
56,5526,3636,54,584,0,0,584
56,5530,4486,54,253,0,0,253
56,5533,3931,54,867,0,0,867
56,5536,2390,54,490,0,0,490
56,5537,4453,54,372,0,0,372
56,5538,2535,54,224,0,0,224
56,5545,3433,54,550,0,0,550
56,5551,1222,54,738,0,0,738
56,5555,1661,55,1180,0,0,1180
56,5556,3559,55,1235,0,0,1235
56,5562,3475,55,1024,0,0,1024
56,5565,1350,55,412,0,0,412
56,5566,562,55,1155,0,0,1155
56,5568,3153,55,786,0,0,786
56,5569,1866,55,1178,0,0,1178
56,5572,2737,55,946,0,0,946
56,5573,3538,55,1066,0,0,1066
56,5574,3666,55,1232,0,0,1232
56,5575,3830,55,677,0,0,677
56,5576,3743,55,1235,0,0,1235
56,5579,2987,55,946,0,0,946
56,5580,1851,55,403,0,0,403
56,5581,4518,55,369,0,0,369
56,5582,4519,55,1205,0,0,1205
56,5587,4520,55,345,0,0,345
56,5588,4525,55,522,0,0,522
56,5592,4531,55,1177,0,0,1177
56,5593,4533,55,321,0,0,321
56,5594,4534,55,327,0,0,327
56,5601,207,55,754,0,0,754
56,5602,2414,55,363,0,0,363
56,5604,4544,55,1218,0,0,1218
56,5605,4546,55,1189,0,0,1189
56,5606,886,55,962,0,0,962
56,5608,4548,55,189,0,0,189
56,5610,4549,55,156,0,0,156
56,5611,4551,55,620,0,0,620
56,5612,1034,55,204,0,0,204
56,5614,3102,55,371,0,0,371
56,5616,1197,55,620,0,0,620
56,5617,3600,55,890,0,0,890
56,5620,4556,55,886,0,0,886
56,5623,645,55,846,0,0,846
56,5624,3944,55,370,0,0,370
56,5627,4555,55,206,0,0,206
56,5628,4566,55,234,0,0,234
56,5629,4567,55,1112,0,0,1112
56,5630,4570,55,1085,0,0,1085
56,5631,4571,55,823,0,0,823
56,5632,2044,55,350,0,0,350
56,5634,4574,55,346,0,0,346
56,5635,4575,55,1079,0,0,1079
56,5636,3161,55,315,0,0,315
56,5637,3586,55,1157,0,0,1157
56,5638,4577,55,195,0,0,195
56,5639,2557,55,453,0,0,453
56,5640,2332,55,413,0,0,413
56,5642,1511,55,824,0,0,824
56,5643,1438,55,324,0,0,324
56,5645,4579,55,475,0,0,475
56,5646,1266,55,585,0,0,585
56,5647,2818,55,387,0,0,387
56,5648,409,55,381,0,0,381
56,5651,1977,55,288,0,0,288
56,5656,2308,55,905,0,0,905
56,5658,3943,55,174,0,0,174
56,5661,4588,55,790,0,0,790
56,5664,4592,55,1047,0,0,1047
56,5665,4593,55,197,0,0,197
56,5673,4596,55,306,0,0,306
57,5332,4308,51,353,0,0,353
57,5354,4298,51,351,0,0,351
57,5387,3428,52,177,0,0,177
57,5388,4371,52,157,0,0,157
57,5397,1107,52,532,0,0,532
57,5401,2232,52,363,0,0,363
57,5406,4364,52,297,0,0,297
57,5408,3919,52,311,0,0,311
57,5413,2855,52,155,0,0,155
57,5442,402,53,624,0,0,624
57,5444,294,53,382,0,0,382
57,5454,4392,53,593,0,0,593
57,5455,1098,53,576,0,0,576
57,5457,186,53,335,0,0,335
57,5458,4394,53,351,0,0,351
57,5459,2474,53,215,0,0,215
57,5463,2101,53,404,0,0,404
57,5465,2592,53,695,0,0,695
57,5467,2166,53,420,0,0,420
57,5474,4480,54,966,0,0,966
57,5475,3316,54,217,0,0,217
57,5476,4455,54,479,0,0,479
57,5479,1426,54,390,0,0,390
57,5480,4508,54,179,0,0,179
57,5481,4463,54,334,0,0,334
57,5485,3203,54,268,0,0,268
57,5491,4466,54,743,0,0,743
57,5494,4467,54,458,0,0,458
57,5495,1257,54,198,0,0,198
57,5496,2272,54,918,0,0,918
57,5497,4492,54,993,0,0,993
57,5498,4475,54,530,0,0,530
57,5499,4476,54,698,0,0,698
57,5508,2688,54,824,0,0,824
57,5509,3751,54,920,0,0,920
57,5510,1739,54,998,0,0,998
57,5511,3951,54,775,0,0,775
57,5515,4465,54,1020,0,0,1020
57,5516,1163,54,976,0,0,976
57,5522,220,54,839,0,0,839
57,5523,4468,54,736,0,0,736
57,5524,4481,54,988,0,0,988
57,5525,4451,54,263,0,0,263
57,5526,3636,54,584,0,0,584
57,5530,4486,54,253,0,0,253
57,5533,3931,54,867,0,0,867
57,5536,2390,54,490,0,0,490
57,5537,4453,54,372,0,0,372
57,5538,2535,54,224,0,0,224
57,5545,3433,54,550,0,0,550
57,5551,1222,54,738,0,0,738
57,5555,1661,55,1180,0,0,1180
57,5556,3559,55,1235,0,0,1235
57,5562,3475,55,1024,0,0,1024
57,5565,1350,55,412,0,0,412
57,5566,562,55,1155,0,0,1155
57,5568,3153,55,786,0,0,786
57,5569,1866,55,1178,0,0,1178
57,5572,2737,55,946,0,0,946
57,5573,3538,55,1066,0,0,1066
57,5574,3666,55,1232,0,0,1232
57,5575,3830,55,677,0,0,677
57,5576,3743,55,1235,0,0,1235
57,5579,2987,55,946,0,0,946
57,5580,1851,55,403,0,0,403
57,5581,4518,55,369,0,0,369
57,5582,4519,55,1205,0,0,1205
57,5587,4520,55,345,0,0,345
57,5588,4525,55,522,0,0,522
57,5592,4531,55,1177,0,0,1177
57,5593,4533,55,321,0,0,321
57,5594,4534,55,327,0,0,327
57,5601,207,55,754,0,0,754
57,5602,2414,55,363,0,0,363
57,5604,4544,55,1218,0,0,1218
57,5605,4546,55,1189,0,0,1189
57,5606,886,55,962,0,0,962
57,5608,4548,55,189,0,0,189
57,5610,4549,55,156,0,0,156
57,5611,4551,55,620,0,0,620
57,5612,1034,55,204,0,0,204
57,5614,3102,55,371,0,0,371
57,5616,1197,55,620,0,0,620
57,5617,3600,55,890,0,0,890
57,5620,4556,55,886,0,0,886
57,5623,645,55,846,0,0,846
57,5624,3944,55,370,0,0,370
57,5627,4555,55,206,0,0,206
57,5628,4566,55,234,0,0,234
57,5629,4567,55,1112,0,0,1112
57,5630,4570,55,1085,0,0,1085
57,5631,4571,55,823,0,0,823
57,5632,2044,55,350,0,0,350
57,5634,4574,55,346,0,0,346
57,5635,4575,55,1079,0,0,1079
57,5636,3161,55,315,0,0,315
57,5637,3586,55,1157,0,0,1157
57,5638,4577,55,195,0,0,195
57,5639,2557,55,453,0,0,453
57,5640,2332,55,413,0,0,413
57,5642,1511,55,824,0,0,824
57,5643,1438,55,324,0,0,324
57,5645,4579,55,475,0,0,475
57,5646,1266,55,585,0,0,585
57,5647,2818,55,387,0,0,387
57,5648,409,55,381,0,0,381
57,5651,1977,55,288,0,0,288
57,5656,2308,55,905,0,0,905
57,5658,3943,55,174,0,0,174
57,5661,4588,55,790,0,0,790
57,5664,4592,55,1047,0,0,1047
57,5665,4593,55,197,0,0,197
57,5667,1609,56,1369,0,0,1369
57,5668,1454,56,1063,0,0,1063
57,5670,1643,56,1383,0,0,1383
57,5671,4595,56,455,0,0,455
57,5672,4584,56,1220,0,0,1220
57,5673,4596,55,306,0,0,306
57,5674,954,56,685,0,0,685
57,5675,3182,56,1363,0,0,1363
57,5676,3567,56,1071,0,0,1071
57,5677,3183,56,481,0,0,481
57,5678,3844,56,1323,0,0,1323
57,5679,1594,56,858,0,0,858
57,5680,3172,56,372,0,0,372
57,5681,4576,56,1085,0,0,1085
57,5682,4597,56,1341,0,0,1341
57,5683,3765,56,870,0,0,870
57,5684,1236,56,1328,0,0,1328
57,5685,3620,56,628,0,0,628
57,5686,4598,56,80,0,0,80
57,5687,4599,56,111,0,0,111
57,5688,4600,56,87,0,0,87
57,5689,153,56,825,0,0,825
57,5691,4602,56,40,0,0,40
57,5692,3804,56,1307,0,0,1307
57,5694,3793,56,1296,0,0,1296
57,5695,4605,56,40,0,0,40
57,5696,2196,56,1111,0,0,1111
57,5697,2637,56,1341,0,0,1341
57,5699,4606,56,1231,0,0,1231
57,5701,4607,56,64,0,0,64
57,5702,3020,56,1228,0,0,1228
57,5703,4611,56,359,0,0,359
57,5704,4612,56,80,0,0,80
57,5705,4614,56,64,0,0,64
57,5706,4616,56,293,0,0,293
57,5707,4618,56,1369,0,0,1369
57,5708,4620,56,779,0,0,779
57,5709,4621,56,184,0,0,184
57,5710,4619,56,120,0,0,120
57,5711,4624,56,40,0,0,40
57,5712,4622,56,62,0,0,62
57,5713,4623,56,65,0,0,65
57,5714,4625,56,40,0,0,40
57,5715,4626,56,81,0,0,81
57,5716,4629,56,1361,0,0,1361
57,5717,4630,56,111,0,0,111
57,5718,3718,56,1005,0,0,1005
57,5720,4632,56,278,0,0,278
57,5721,4633,56,1391,0,0,1391
57,5723,4635,56,98,0,0,98
57,5724,4636,56,1120,0,0,1120
57,5725,4638,56,1331,0,0,1331
57,5726,4641,56,59,0,0,59
57,5727,4637,56,1392,0,0,1392
57,5729,4643,56,54,0,0,54
57,5730,4645,56,160,0,0,160
57,5731,4644,56,172,0,0,172
57,5732,4646,56,42,0,0,42
57,5733,4647,56,150,0,0,150
57,5734,4648,56,538,0,0,538
57,5735,4649,56,991,0,0,991
57,5736,4650,56,363,0,0,363
57,5737,4651,56,40,0,0,40
57,5738,4652,56,61,0,0,61
57,5740,4654,56,1214,0,0,1214
57,5742,4655,56,1087,0,0,1087
57,5743,4656,56,1326,0,0,1326
57,5744,734,56,73,0,0,73
57,5745,2339,56,330,0,0,330
57,5746,4658,56,40,0,0,40
57,5747,4659,56,313,0,0,313
57,5748,4661,56,68,0,0,68
57,5749,3932,56,76,0,0,76
57,5750,4662,56,40,0,0,40
58,5332,4308,51,353,20,70,283
58,5354,4298,51,351,20,70,281
58,5387,3428,52,177,0,0,177
58,5388,4371,52,157,0,0,157
58,5397,1107,52,532,0,0,532
58,5401,2232,52,363,0,0,363
58,5406,4364,52,297,0,0,297
58,5408,3919,52,311,0,0,311
58,5413,2855,52,155,0,0,155
58,5442,402,53,624,0,0,624
58,5444,294,53,382,0,0,382
58,5454,4392,53,593,0,0,593
58,5455,1098,53,576,0,0,576
58,5457,186,53,335,0,0,335
58,5458,4394,53,351,0,0,351
58,5459,2474,53,215,0,0,215
58,5463,2101,53,404,0,0,404
58,5465,2592,53,695,0,0,695
58,5467,2166,53,420,0,0,420
58,5474,4480,54,966,0,0,966
58,5475,3316,54,217,0,0,217
58,5476,4455,54,479,0,0,479
58,5479,1426,54,390,0,0,390
58,5480,4508,54,179,0,0,179
58,5481,4463,54,334,0,0,334
58,5485,3203,54,268,0,0,268
58,5491,4466,54,743,0,0,743
58,5494,4467,54,458,0,0,458
58,5495,1257,54,198,0,0,198
58,5496,2272,54,918,0,0,918
58,5497,4492,54,993,0,0,993
58,5498,4475,54,530,0,0,530
58,5499,4476,54,698,0,0,698
58,5508,2688,54,824,0,0,824
58,5509,3751,54,920,0,0,920
58,5510,1739,54,998,0,0,998
58,5511,3951,54,775,0,0,775
58,5515,4465,54,1020,0,0,1020
58,5516,1163,54,976,0,0,976
58,5522,220,54,839,0,0,839
58,5523,4468,54,736,0,0,736
58,5524,4481,54,988,0,0,988
58,5525,4451,54,263,0,0,263
58,5526,3636,54,584,0,0,584
58,5530,4486,54,253,0,0,253
58,5533,3931,54,867,0,0,867
58,5536,2390,54,490,0,0,490
58,5537,4453,54,372,0,0,372
58,5538,2535,54,224,0,0,224
58,5545,3433,54,550,0,0,550
58,5551,1222,54,738,0,0,738
58,5555,1661,55,1180,0,0,1180
58,5556,3559,55,1235,0,0,1235
58,5562,3475,55,1024,0,0,1024
58,5565,1350,55,412,0,0,412
58,5566,562,55,1155,0,0,1155
58,5568,3153,55,786,0,0,786
58,5569,1866,55,1178,0,0,1178
58,5572,2737,55,946,0,0,946
58,5573,3538,55,1066,0,0,1066
58,5574,3666,55,1232,0,0,1232
58,5575,3830,55,677,0,0,677
58,5576,3743,55,1235,0,0,1235
58,5579,2987,55,946,0,0,946
58,5580,1851,55,403,0,0,403
58,5581,4518,55,369,0,0,369
58,5582,4519,55,1205,0,0,1205
58,5587,4520,55,345,0,0,345
58,5588,4525,55,522,0,0,522
58,5592,4531,55,1177,0,0,1177
58,5593,4533,55,321,0,0,321
58,5594,4534,55,327,0,0,327
58,5601,207,55,754,0,0,754
58,5602,2414,55,363,0,0,363
58,5604,4544,55,1218,0,0,1218
58,5605,4546,55,1189,0,0,1189
58,5606,886,55,962,0,0,962
58,5608,4548,55,189,0,0,189
58,5610,4549,55,156,0,0,156
58,5611,4551,55,620,0,0,620
58,5612,1034,55,204,0,0,204
58,5614,3102,55,371,0,0,371
58,5616,1197,55,620,0,0,620
58,5617,3600,55,890,0,0,890
58,5620,4556,55,886,0,0,886
58,5623,645,55,846,0,0,846
58,5624,3944,55,370,0,0,370
58,5627,4555,55,206,0,0,206
58,5628,4566,55,234,0,0,234
58,5629,4567,55,1112,0,0,1112
58,5630,4570,55,1085,0,0,1085
58,5631,4571,55,823,0,0,823
58,5632,2044,55,350,0,0,350
58,5634,4574,55,346,0,0,346
58,5635,4575,55,1079,0,0,1079
58,5636,3161,55,315,0,0,315
58,5637,3586,55,1157,0,0,1157
58,5638,4577,55,195,0,0,195
58,5639,2557,55,453,0,0,453
58,5640,2332,55,413,0,0,413
58,5642,1511,55,824,0,0,824
58,5643,1438,55,324,0,0,324
58,5645,4579,55,475,0,0,475
58,5646,1266,55,585,0,0,585
58,5647,2818,55,387,0,0,387
58,5648,409,55,381,0,0,381
58,5651,1977,55,288,0,0,288
58,5656,2308,55,905,0,0,905
58,5658,3943,55,174,0,0,174
58,5661,4588,55,790,0,0,790
58,5664,4592,55,1047,0,0,1047
58,5665,4593,55,197,0,0,197
58,5667,1609,56,1369,0,0,1369
58,5668,1454,56,1063,0,0,1063
58,5670,1643,56,1383,0,0,1383
58,5671,4595,56,455,0,0,455
58,5672,4584,56,1220,0,0,1220
58,5673,4596,55,306,0,0,306
58,5674,954,56,685,0,0,685
58,5675,3182,56,1363,0,0,1363
58,5676,3567,56,1071,0,0,1071
58,5677,3183,56,481,0,0,481
58,5678,3844,56,1323,0,0,1323
58,5679,1594,56,858,0,0,858
58,5680,3172,56,372,0,0,372
58,5681,4576,56,1085,0,0,1085
58,5682,4597,56,1341,0,0,1341
58,5683,3765,56,870,0,0,870
58,5684,1236,56,1328,0,0,1328
58,5685,3620,56,628,0,0,628
58,5686,4598,56,80,0,0,80
58,5687,4599,56,111,0,0,111
58,5688,4600,56,87,0,0,87
58,5689,153,56,825,0,0,825
58,5691,4602,56,40,0,0,40
58,5692,3804,56,1307,0,0,1307
58,5694,3793,56,1296,0,0,1296
58,5695,4605,56,40,0,0,40
58,5696,2196,56,1111,0,0,1111
58,5697,2637,56,1341,0,0,1341
58,5699,4606,56,1231,0,0,1231
58,5701,4607,56,64,0,0,64
58,5702,3020,56,1228,0,0,1228
58,5703,4611,56,359,0,0,359
58,5704,4612,56,80,0,0,80
58,5705,4614,56,64,0,0,64
58,5706,4616,56,293,0,0,293
58,5707,4618,56,1369,0,0,1369
58,5708,4620,56,779,0,0,779
58,5709,4621,56,184,0,0,184
58,5710,4619,56,120,0,0,120
58,5711,4624,56,40,0,0,40
58,5712,4622,56,62,0,0,62
58,5713,4623,56,65,0,0,65
58,5714,4625,56,40,0,0,40
58,5715,4626,56,81,0,0,81
58,5716,4629,56,1361,0,0,1361
58,5717,4630,56,111,0,0,111
58,5718,3718,56,1005,0,0,1005
58,5720,4632,56,278,0,0,278
58,5721,4633,56,1391,0,0,1391
58,5723,4635,56,98,0,0,98
58,5724,4636,56,1120,0,0,1120
58,5725,4638,56,1331,0,0,1331
58,5726,4641,56,59,0,0,59
58,5727,4637,56,1392,0,0,1392
58,5729,4643,56,54,0,0,54
58,5730,4645,56,160,0,0,160
58,5731,4644,56,172,0,0,172
58,5732,4646,56,42,0,0,42
58,5733,4647,56,150,0,0,150
58,5734,4648,56,538,0,0,538
58,5735,4649,56,991,0,0,991
58,5736,4650,56,363,0,0,363
58,5737,4651,56,40,0,0,40
58,5738,4652,56,61,0,0,61
58,5740,4654,56,1214,0,0,1214
58,5742,4655,56,1087,0,0,1087
58,5743,4656,56,1326,0,0,1326
58,5744,734,56,73,0,0,73
58,5745,2339,56,330,0,0,330
58,5746,4658,56,40,0,0,40
58,5747,4659,56,313,0,0,313
58,5748,4661,56,68,0,0,68
58,5749,3932,56,76,0,0,76
58,5750,4662,56,40,0,0,40
58,5751,4663,57,686,0,0,686
58,5752,4664,57,50,0,0,50
58,5753,2102,57,857,0,0,857
58,5754,2461,57,1542,0,0,1542
58,5755,3828,57,1489,0,0,1489
58,5756,2874,57,1566,0,0,1566
58,5757,271,57,926,0,0,926
58,5758,2205,57,1093,0,0,1093
58,5759,1419,57,227,0,0,227
58,5760,4665,57,92,0,0,92
58,5761,4666,57,120,0,0,120
58,5762,4667,57,941,0,0,941
58,5763,3849,57,1526,0,0,1526
58,5765,4672,57,50,0,0,50
58,5766,4673,57,226,0,0,226
58,5767,4675,57,82,0,0,82
58,5768,4676,57,83,0,0,83
58,5769,3888,57,1375,0,0,1375
58,5771,2999,57,936,0,0,936
58,5772,4677,57,316,0,0,316
58,5773,3973,57,1453,0,0,1453
58,5774,4678,57,314,0,0,314
58,5776,2583,57,1491,0,0,1491
58,5777,369,57,1427,0,0,1427
58,5778,3232,57,1334,0,0,1334
58,5779,4681,57,545,0,0,545
58,5780,4680,57,664,0,0,664
58,5781,4683,57,50,0,0,50
58,5782,4682,57,74,0,0,74
58,5783,4686,57,72,0,0,72
58,5785,4687,57,84,0,0,84
58,5786,4689,57,657,0,0,657
58,5787,4690,57,50,0,0,50
58,5788,4691,57,170,0,0,170
58,5790,4694,57,1176,0,0,1176
58,5791,4695,57,1377,0,0,1377
58,5792,4696,57,719,0,0,719
58,5793,40,57,930,0,0,930
58,5794,4697,57,790,0,0,790
58,5795,2323,57,1328,0,0,1328
58,5796,4699,57,80,0,0,80
58,5797,4700,57,72,0,0,72
58,5798,4701,57,50,0,0,50
58,5799,4702,57,1302,0,0,1302
58,5800,4703,57,265,0,0,265
58,5805,3101,57,1456,0,0,1456
59,5332,4308,51,353,25,88,265
59,5354,4298,51,351,25,87,264
59,5387,3428,52,177,20,35,142
59,5388,4371,52,157,20,31,126
59,5397,1107,52,532,20,106,426
59,5401,2232,52,363,20,72,291
59,5406,4364,52,297,20,59,238
59,5408,3919,52,311,20,62,249
59,5413,2855,52,155,20,31,124
59,5442,402,53,624,0,0,624
59,5444,294,53,382,0,0,382
59,5454,4392,53,593,0,0,593
59,5455,1098,53,576,0,0,576
59,5457,186,53,335,0,0,335
59,5458,4394,53,351,0,0,351
59,5459,2474,53,215,0,0,215
59,5463,2101,53,404,0,0,404
59,5465,2592,53,695,0,0,695
59,5467,2166,53,420,0,0,420
59,5474,4480,54,966,0,0,966
59,5475,3316,54,217,0,0,217
59,5476,4455,54,479,0,0,479
59,5479,1426,54,390,0,0,390
59,5480,4508,54,179,0,0,179
59,5481,4463,54,334,0,0,334
59,5485,3203,54,268,0,0,268
59,5491,4466,54,743,0,0,743
59,5494,4467,54,458,0,0,458
59,5495,1257,54,198,0,0,198
59,5496,2272,54,918,0,0,918
59,5497,4492,54,993,0,0,993
59,5498,4475,54,530,0,0,530
59,5499,4476,54,698,0,0,698
59,5508,2688,54,824,0,0,824
59,5509,3751,54,920,0,0,920
59,5510,1739,54,998,0,0,998
59,5511,3951,54,775,0,0,775
59,5515,4465,54,1020,0,0,1020
59,5516,1163,54,976,0,0,976
59,5522,220,54,839,0,0,839
59,5523,4468,54,736,0,0,736
59,5524,4481,54,988,0,0,988
59,5525,4451,54,263,0,0,263
59,5526,3636,54,584,0,0,584
59,5530,4486,54,253,0,0,253
59,5533,3931,54,867,0,0,867
59,5536,2390,54,490,0,0,490
59,5537,4453,54,372,0,0,372
59,5538,2535,54,224,0,0,224
59,5545,3433,54,550,0,0,550
59,5551,1222,54,738,0,0,738
59,5555,1661,55,1180,0,0,1180
59,5556,3559,55,1235,0,0,1235
59,5562,3475,55,1024,0,0,1024
59,5565,1350,55,412,0,0,412
59,5566,562,55,1155,0,0,1155
59,5568,3153,55,786,0,0,786
59,5569,1866,55,1178,0,0,1178
59,5572,2737,55,946,0,0,946
59,5573,3538,55,1066,0,0,1066
59,5574,3666,55,1232,0,0,1232
59,5575,3830,55,677,0,0,677
59,5576,3743,55,1235,0,0,1235
59,5579,2987,55,946,0,0,946
59,5580,1851,55,403,0,0,403
59,5581,4518,55,369,0,0,369
59,5582,4519,55,1205,0,0,1205
59,5587,4520,55,345,0,0,345
59,5588,4525,55,522,0,0,522
59,5592,4531,55,1177,0,0,1177
59,5593,4533,55,321,0,0,321
59,5594,4534,55,327,0,0,327
59,5601,207,55,754,0,0,754
59,5602,2414,55,363,0,0,363
59,5604,4544,55,1218,0,0,1218
59,5605,4546,55,1189,0,0,1189
59,5606,886,55,962,0,0,962
59,5608,4548,55,189,0,0,189
59,5610,4549,55,156,0,0,156
59,5611,4551,55,620,0,0,620
59,5612,1034,55,204,0,0,204
59,5614,3102,55,371,0,0,371
59,5616,1197,55,620,0,0,620
59,5617,3600,55,890,0,0,890
59,5620,4556,55,886,0,0,886
59,5623,645,55,846,0,0,846
59,5624,3944,55,370,0,0,370
59,5627,4555,55,206,0,0,206
59,5628,4566,55,234,0,0,234
59,5629,4567,55,1112,0,0,1112
59,5630,4570,55,1085,0,0,1085
59,5631,4571,55,823,0,0,823
59,5632,2044,55,350,0,0,350
59,5634,4574,55,346,0,0,346
59,5635,4575,55,1079,0,0,1079
59,5636,3161,55,315,0,0,315
59,5637,3586,55,1157,0,0,1157
59,5638,4577,55,195,0,0,195
59,5639,2557,55,453,0,0,453
59,5640,2332,55,413,0,0,413
59,5642,1511,55,824,0,0,824
59,5643,1438,55,324,0,0,324
59,5645,4579,55,475,0,0,475
59,5646,1266,55,585,0,0,585
59,5647,2818,55,387,0,0,387
59,5648,409,55,381,0,0,381
59,5651,1977,55,288,0,0,288
59,5656,2308,55,905,0,0,905
59,5658,3943,55,174,0,0,174
59,5661,4588,55,790,0,0,790
59,5664,4592,55,1047,0,0,1047
59,5665,4593,55,197,0,0,197
59,5667,1609,56,1369,0,0,1369
59,5668,1454,56,1063,0,0,1063
59,5670,1643,56,1383,0,0,1383
59,5671,4595,56,455,0,0,455
59,5672,4584,56,1220,0,0,1220
59,5673,4596,55,306,0,0,306
59,5674,954,56,685,0,0,685
59,5675,3182,56,1363,0,0,1363
59,5676,3567,56,1071,0,0,1071
59,5677,3183,56,481,0,0,481
59,5678,3844,56,1323,0,0,1323
59,5679,1594,56,858,0,0,858
59,5680,3172,56,372,0,0,372
59,5681,4576,56,1085,0,0,1085
59,5682,4597,56,1341,0,0,1341
59,5683,3765,56,870,0,0,870
59,5684,1236,56,1328,0,0,1328
59,5685,3620,56,628,0,0,628
59,5686,4598,56,80,0,0,80
59,5687,4599,56,111,0,0,111
59,5688,4600,56,87,0,0,87
59,5689,153,56,825,0,0,825
59,5691,4602,56,40,0,0,40
59,5692,3804,56,1307,0,0,1307
59,5694,3793,56,1296,0,0,1296
59,5695,4605,56,40,0,0,40
59,5696,2196,56,1111,0,0,1111
59,5697,2637,56,1341,0,0,1341
59,5699,4606,56,1231,0,0,1231
59,5701,4607,56,64,0,0,64
59,5702,3020,56,1228,0,0,1228
59,5703,4611,56,359,0,0,359
59,5704,4612,56,80,0,0,80
59,5705,4614,56,64,0,0,64
59,5706,4616,56,293,0,0,293
59,5707,4618,56,1369,0,0,1369
59,5708,4620,56,779,0,0,779
59,5709,4621,56,184,0,0,184
59,5710,4619,56,120,0,0,120
59,5711,4624,56,40,0,0,40
59,5712,4622,56,62,0,0,62
59,5713,4623,56,65,0,0,65
59,5714,4625,56,40,0,0,40
59,5715,4626,56,81,0,0,81
59,5716,4629,56,1361,0,0,1361
59,5717,4630,56,111,0,0,111
59,5718,3718,56,1005,0,0,1005
59,5720,4632,56,278,0,0,278
59,5721,4633,56,1391,0,0,1391
59,5723,4635,56,98,0,0,98
59,5724,4636,56,1120,0,0,1120
59,5725,4638,56,1331,0,0,1331
59,5726,4641,56,59,0,0,59
59,5727,4637,56,1392,0,0,1392
59,5729,4643,56,54,0,0,54
59,5730,4645,56,160,0,0,160
59,5731,4644,56,172,0,0,172
59,5732,4646,56,42,0,0,42
59,5733,4647,56,150,0,0,150
59,5734,4648,56,538,0,0,538
59,5735,4649,56,991,0,0,991
59,5736,4650,56,363,0,0,363
59,5737,4651,56,40,0,0,40
59,5738,4652,56,61,0,0,61
59,5740,4654,56,1214,0,0,1214
59,5742,4655,56,1087,0,0,1087
59,5743,4656,56,1326,0,0,1326
59,5744,734,56,73,0,0,73
59,5745,2339,56,330,0,0,330
59,5746,4658,56,40,0,0,40
59,5747,4659,56,313,0,0,313
59,5748,4661,56,68,0,0,68
59,5749,3932,56,76,0,0,76
59,5750,4662,56,40,0,0,40
59,5751,4663,57,686,0,0,686
59,5752,4664,57,50,0,0,50
59,5753,2102,57,857,0,0,857
59,5754,2461,57,1542,0,0,1542
59,5755,3828,57,1489,0,0,1489
59,5756,2874,57,1566,0,0,1566
59,5757,271,57,926,0,0,926
59,5758,2205,57,1093,0,0,1093
59,5759,1419,57,227,0,0,227
59,5760,4665,57,92,0,0,92
59,5761,4666,57,120,0,0,120
59,5762,4667,57,941,0,0,941
59,5763,3849,57,1526,0,0,1526
59,5765,4672,57,50,0,0,50
59,5766,4673,57,226,0,0,226
59,5767,4675,57,82,0,0,82
59,5768,4676,57,83,0,0,83
59,5769,3888,57,1375,0,0,1375
59,5771,2999,57,936,0,0,936
59,5772,4677,57,316,0,0,316
59,5773,3973,57,1453,0,0,1453
59,5774,4678,57,314,0,0,314
59,5776,2583,57,1491,0,0,1491
59,5777,369,57,1427,0,0,1427
59,5778,3232,57,1334,0,0,1334
59,5779,4681,57,545,0,0,545
59,5780,4680,57,664,0,0,664
59,5781,4683,57,50,0,0,50
59,5782,4682,57,74,0,0,74
59,5783,4686,57,72,0,0,72
59,5785,4687,57,84,0,0,84
59,5786,4689,57,657,0,0,657
59,5787,4690,57,50,0,0,50
59,5788,4691,57,170,0,0,170
59,5790,4694,57,1176,0,0,1176
59,5791,4695,57,1377,0,0,1377
59,5792,4696,57,719,0,0,719
59,5793,40,57,930,0,0,930
59,5794,4697,57,790,0,0,790
59,5795,2323,57,1328,0,0,1328
59,5796,4699,57,80,0,0,80
59,5797,4700,57,72,0,0,72
59,5798,4701,57,50,0,0,50
59,5799,4702,57,1302,0,0,1302
59,5800,4703,57,265,0,0,265
59,5801,3870,58,496,0,0,496
59,5802,4704,58,50,0,0,50
59,5803,830,58,60,0,0,60
59,5804,2931,58,1146,0,0,1146
59,5805,3101,57,1456,0,0,1456
59,5807,2211,58,1333,0,0,1333
59,5809,4705,58,80,0,0,80
59,5810,3981,58,1380,0,0,1380
59,5811,3223,58,1000,0,0,1000
59,5813,4708,58,922,0,0,922
59,5814,2833,58,417,0,0,417
59,5815,1641,58,1336,0,0,1336
59,5816,2458,58,1183,0,0,1183
59,5817,4709,58,1077,0,0,1077
59,5818,594,58,934,0,0,934
59,5819,4710,58,1328,0,0,1328
59,5820,2274,58,834,0,0,834
59,5821,2243,58,273,0,0,273
59,5822,2214,58,1092,0,0,1092
59,5824,1717,58,726,0,0,726
59,5825,1486,58,828,0,0,828
59,5826,3306,58,785,0,0,785
59,5827,4711,58,619,0,0,619
59,5828,4712,58,76,0,0,76
59,5829,3903,58,1309,0,0,1309
59,5830,4716,58,362,0,0,362
59,5831,4717,58,50,0,0,50
59,5833,4718,58,648,0,0,648
59,5834,4719,58,333,0,0,333
59,5835,4720,58,107,0,0,107
59,5836,4474,58,217,0,0,217
59,5837,4119,58,648,0,0,648
59,5838,4722,58,1310,0,0,1310
59,5839,4723,58,1149,0,0,1149
59,5841,4726,58,1220,0,0,1220
60,5332,4308,51,353,30,105,248
60,5354,4298,51,351,30,105,246
60,5387,3428,52,177,25,44,133
60,5388,4371,52,157,25,39,118
60,5397,1107,52,532,25,133,399
60,5401,2232,52,363,25,90,273
60,5406,4364,52,297,25,74,223
60,5408,3919,52,311,25,77,234
60,5413,2855,52,155,25,38,117
60,5442,402,53,624,20,124,500
60,5444,294,53,382,20,76,306
60,5454,4392,53,593,20,118,475
60,5455,1098,53,576,20,115,461
60,5457,186,53,335,20,67,268
60,5458,4394,53,351,20,70,281
60,5459,2474,53,215,20,43,172
60,5463,2101,53,404,20,80,324
60,5465,2592,53,695,20,139,556
60,5467,2166,53,420,20,84,336
60,5474,4480,54,966,0,0,966
60,5475,3316,54,217,0,0,217
60,5476,4455,54,479,0,0,479
60,5479,1426,54,390,0,0,390
60,5480,4508,54,179,0,0,179
60,5481,4463,54,334,0,0,334
60,5485,3203,54,268,0,0,268
60,5491,4466,54,743,0,0,743
60,5494,4467,54,458,0,0,458
60,5495,1257,54,198,0,0,198
60,5496,2272,54,918,0,0,918
60,5497,4492,54,993,0,0,993
60,5498,4475,54,530,0,0,530
60,5499,4476,54,698,0,0,698
60,5508,2688,54,824,0,0,824
60,5509,3751,54,920,0,0,920
60,5510,1739,54,998,0,0,998
60,5511,3951,54,775,0,0,775
60,5515,4465,54,1020,0,0,1020
60,5516,1163,54,976,0,0,976
60,5522,220,54,839,0,0,839
60,5523,4468,54,736,0,0,736
60,5524,4481,54,988,0,0,988
60,5525,4451,54,263,0,0,263
60,5526,3636,54,584,0,0,584
60,5530,4486,54,253,0,0,253
60,5533,3931,54,867,0,0,867
60,5536,2390,54,490,0,0,490
60,5537,4453,54,372,0,0,372
60,5538,2535,54,224,0,0,224
60,5545,3433,54,550,0,0,550
60,5551,1222,54,738,0,0,738
60,5555,1661,55,1180,0,0,1180
60,5556,3559,55,1235,0,0,1235
60,5562,3475,55,1024,0,0,1024
60,5565,1350,55,412,0,0,412
60,5566,562,55,1155,0,0,1155
60,5568,3153,55,786,0,0,786
60,5569,1866,55,1178,0,0,1178
60,5572,2737,55,946,0,0,946
60,5573,3538,55,1066,0,0,1066
60,5574,3666,55,1232,0,0,1232
60,5575,3830,55,677,0,0,677
60,5576,3743,55,1235,0,0,1235
60,5579,2987,55,946,0,0,946
60,5580,1851,55,403,0,0,403
60,5581,4518,55,369,0,0,369
60,5582,4519,55,1205,0,0,1205
60,5587,4520,55,345,0,0,345
60,5588,4525,55,522,0,0,522
60,5592,4531,55,1177,0,0,1177
60,5593,4533,55,321,0,0,321
60,5594,4534,55,327,0,0,327
60,5601,207,55,754,0,0,754
60,5602,2414,55,363,0,0,363
60,5604,4544,55,1218,0,0,1218
60,5605,4546,55,1189,0,0,1189
60,5606,886,55,962,0,0,962
60,5608,4548,55,189,0,0,189
60,5610,4549,55,156,0,0,156
60,5611,4551,55,620,0,0,620
60,5612,1034,55,204,0,0,204
60,5614,3102,55,371,0,0,371
60,5616,1197,55,620,0,0,620
60,5617,3600,55,890,0,0,890
60,5620,4556,55,886,0,0,886
60,5623,645,55,846,0,0,846
60,5624,3944,55,370,0,0,370
60,5627,4555,55,206,0,0,206
60,5628,4566,55,234,0,0,234
60,5629,4567,55,1112,0,0,1112
60,5630,4570,55,1085,0,0,1085
60,5631,4571,55,823,0,0,823
60,5632,2044,55,350,0,0,350
60,5634,4574,55,346,0,0,346
60,5635,4575,55,1079,0,0,1079
60,5636,3161,55,315,0,0,315
60,5637,3586,55,1157,0,0,1157
60,5638,4577,55,195,0,0,195
60,5639,2557,55,453,0,0,453
60,5640,2332,55,413,0,0,413
60,5642,1511,55,824,0,0,824
60,5643,1438,55,324,0,0,324
60,5645,4579,55,475,0,0,475
60,5646,1266,55,585,0,0,585
60,5647,2818,55,387,0,0,387
60,5648,409,55,381,0,0,381
60,5651,1977,55,288,0,0,288
60,5656,2308,55,905,0,0,905
60,5658,3943,55,174,0,0,174
60,5661,4588,55,790,0,0,790
60,5664,4592,55,1047,0,0,1047
60,5665,4593,55,197,0,0,197
60,5667,1609,56,1369,0,0,1369
60,5668,1454,56,1063,0,0,1063
60,5670,1643,56,1383,0,0,1383
60,5671,4595,56,455,0,0,455
60,5672,4584,56,1220,0,0,1220
60,5673,4596,55,306,0,0,306
60,5674,954,56,685,0,0,685
60,5675,3182,56,1363,0,0,1363
60,5676,3567,56,1071,0,0,1071
60,5677,3183,56,481,0,0,481
60,5678,3844,56,1323,0,0,1323
60,5679,1594,56,858,0,0,858
60,5680,3172,56,372,0,0,372
60,5681,4576,56,1085,0,0,1085
60,5682,4597,56,1341,0,0,1341
60,5683,3765,56,870,0,0,870
60,5684,1236,56,1328,0,0,1328
60,5685,3620,56,628,0,0,628
60,5686,4598,56,80,0,0,80
60,5687,4599,56,111,0,0,111
60,5688,4600,56,87,0,0,87
60,5689,153,56,825,0,0,825
60,5691,4602,56,40,0,0,40
60,5692,3804,56,1307,0,0,1307
60,5694,3793,56,1296,0,0,1296
60,5695,4605,56,40,0,0,40
60,5696,2196,56,1111,0,0,1111
60,5697,2637,56,1341,0,0,1341
60,5699,4606,56,1231,0,0,1231
60,5701,4607,56,64,0,0,64
60,5702,3020,56,1228,0,0,1228
60,5703,4611,56,359,0,0,359
60,5704,4612,56,80,0,0,80
60,5705,4614,56,64,0,0,64
60,5706,4616,56,293,0,0,293
60,5707,4618,56,1369,0,0,1369
60,5708,4620,56,779,0,0,779
60,5709,4621,56,184,0,0,184
60,5710,4619,56,120,0,0,120
60,5711,4624,56,40,0,0,40
60,5712,4622,56,62,0,0,62
60,5713,4623,56,65,0,0,65
60,5714,4625,56,40,0,0,40
60,5715,4626,56,81,0,0,81
60,5716,4629,56,1361,0,0,1361
60,5717,4630,56,111,0,0,111
60,5718,3718,56,1005,0,0,1005
60,5720,4632,56,278,0,0,278
60,5721,4633,56,1391,0,0,1391
60,5723,4635,56,98,0,0,98
60,5724,4636,56,1120,0,0,1120
60,5725,4638,56,1331,0,0,1331
60,5726,4641,56,59,0,0,59
60,5727,4637,56,1392,0,0,1392
60,5729,4643,56,54,0,0,54
60,5730,4645,56,160,0,0,160
60,5731,4644,56,172,0,0,172
60,5732,4646,56,42,0,0,42
60,5733,4647,56,150,0,0,150
60,5734,4648,56,538,0,0,538
60,5735,4649,56,991,0,0,991
60,5736,4650,56,363,0,0,363
60,5737,4651,56,40,0,0,40
60,5738,4652,56,61,0,0,61
60,5740,4654,56,1214,0,0,1214
60,5742,4655,56,1087,0,0,1087
60,5743,4656,56,1326,0,0,1326
60,5744,734,56,73,0,0,73
60,5745,2339,56,330,0,0,330
60,5746,4658,56,40,0,0,40
60,5747,4659,56,313,0,0,313
60,5748,4661,56,68,0,0,68
60,5749,3932,56,76,0,0,76
60,5750,4662,56,40,0,0,40
60,5751,4663,57,686,0,0,686
60,5752,4664,57,50,0,0,50
60,5753,2102,57,857,0,0,857
60,5754,2461,57,1542,0,0,1542
60,5755,3828,57,1489,0,0,1489
60,5756,2874,57,1566,0,0,1566
60,5757,271,57,926,0,0,926
60,5758,2205,57,1093,0,0,1093
60,5759,1419,57,227,0,0,227
60,5760,4665,57,92,0,0,92
60,5761,4666,57,120,0,0,120
60,5762,4667,57,941,0,0,941
60,5763,3849,57,1526,0,0,1526
60,5765,4672,57,50,0,0,50
60,5766,4673,57,226,0,0,226
60,5767,4675,57,82,0,0,82
60,5768,4676,57,83,0,0,83
60,5769,3888,57,1375,0,0,1375
60,5771,2999,57,936,0,0,936
60,5772,4677,57,316,0,0,316
60,5773,3973,57,1453,0,0,1453
60,5774,4678,57,314,0,0,314
60,5776,2583,57,1491,0,0,1491
60,5777,369,57,1427,0,0,1427
60,5778,3232,57,1334,0,0,1334
60,5779,4681,57,545,0,0,545
60,5780,4680,57,664,0,0,664
60,5781,4683,57,50,0,0,50
60,5782,4682,57,74,0,0,74
60,5783,4686,57,72,0,0,72
60,5785,4687,57,84,0,0,84
60,5786,4689,57,657,0,0,657
60,5787,4690,57,50,0,0,50
60,5788,4691,57,170,0,0,170
60,5790,4694,57,1176,0,0,1176
60,5791,4695,57,1377,0,0,1377
60,5792,4696,57,719,0,0,719
60,5793,40,57,930,0,0,930
60,5794,4697,57,790,0,0,790
60,5795,2323,57,1328,0,0,1328
60,5796,4699,57,80,0,0,80
60,5797,4700,57,72,0,0,72
60,5798,4701,57,50,0,0,50
60,5799,4702,57,1302,0,0,1302
60,5800,4703,57,265,0,0,265
60,5801,3870,58,496,0,0,496
60,5802,4704,58,50,0,0,50
60,5803,830,58,60,0,0,60
60,5804,2931,58,1146,0,0,1146
60,5805,3101,57,1456,0,0,1456
60,5807,2211,58,1333,0,0,1333
60,5809,4705,58,80,0,0,80
60,5810,3981,58,1380,0,0,1380
60,5811,3223,58,1000,0,0,1000
60,5813,4708,58,922,0,0,922
60,5814,2833,58,417,0,0,417
60,5815,1641,58,1336,0,0,1336
60,5816,2458,58,1183,0,0,1183
60,5817,4709,58,1077,0,0,1077
60,5818,594,58,934,0,0,934
60,5819,4710,58,1328,0,0,1328
60,5820,2274,58,834,0,0,834
60,5821,2243,58,273,0,0,273
60,5822,2214,58,1092,0,0,1092
60,5824,1717,58,726,0,0,726
60,5825,1486,58,828,0,0,828
60,5826,3306,58,785,0,0,785
60,5827,4711,58,619,0,0,619
60,5828,4712,58,76,0,0,76
60,5829,3903,58,1309,0,0,1309
60,5830,4716,58,362,0,0,362
60,5831,4717,58,50,0,0,50
60,5833,4718,58,648,0,0,648
60,5834,4719,58,333,0,0,333
60,5835,4720,58,107,0,0,107
60,5836,4474,58,217,0,0,217
60,5837,4119,58,648,0,0,648
60,5838,4722,58,1310,0,0,1310
60,5839,4723,58,1149,0,0,1149
60,5841,4726,58,1220,0,0,1220
60,5842,2333,59,970,0,0,970
60,5843,3240,59,1153,0,0,1153
60,5844,2091,59,1144,0,0,1144
60,5845,794,59,1154,0,0,1154
60,5846,3966,59,1164,0,0,1164
60,5847,4728,59,77,0,0,77
60,5848,4317,59,753,0,0,753
60,5849,2082,59,881,0,0,881
60,5850,4729,59,50,0,0,50
60,5851,4730,59,57,0,0,57
60,5852,1424,59,1007,0,0,1007
60,5853,4731,59,634,0,0,634
60,5854,4732,59,79,0,0,79
60,5855,4733,59,377,0,0,377
60,5856,4734,59,720,0,0,720
60,5857,4736,59,1194,0,0,1194
60,5858,4737,59,1182,0,0,1182
60,5859,4735,59,962,0,0,962
60,5860,4738,59,1167,0,0,1167
60,5861,3893,59,282,0,0,282
60,5862,4162,59,1146,0,0,1146
60,5863,4742,59,104,0,0,104
60,5865,4748,59,233,0,0,233
60,5866,4750,59,235,0,0,235
60,5867,4751,59,437,0,0,437
60,5868,4747,59,481,0,0,481
60,5869,4754,59,126,0,0,126
60,5870,4756,59,50,0,0,50
60,5871,4757,59,50,0,0,50
60,5872,4758,59,50,0,0,50
60,5873,4759,59,195,0,0,195
60,5874,4760,59,76,0,0,76
60,5875,4761,59,50,0,0,50
60,5876,2295,59,1144,0,0,1144
60,5877,3434,59,489,0,0,489
60,5878,1073,59,1071,0,0,1071
60,5880,4762,59,415,0,0,415
60,5881,1231,59,368,0,0,368
60,5882,2423,59,270,0,0,270
60,5883,3985,59,654,0,0,654
60,5884,4764,59,99,0,0,99
60,5885,4228,59,736,0,0,736
60,5886,4765,59,1121,0,0,1121
60,5887,4766,59,1045,0,0,1045
60,5888,3469,59,250,0,0,250
60,5889,2246,59,573,0,0,573
60,5890,3573,59,1032,0,0,1032
60,5892,4668,59,80,0,0,80
60,5893,2676,59,280,0,0,280
60,5894,3902,59,417,0,0,417
60,5895,3114,59,1128,0,0,1128
60,5896,4768,59,641,0,0,641
60,5898,4770,59,299,0,0,299
60,5899,4771,59,50,0,0,50
60,5900,552,59,164,0,0,164
60,5901,4772,59,57,0,0,57
60,5903,2887,59,467,0,0,467
60,5905,4776,59,216,0,0,216
60,5906,4000,59,931,0,0,931
60,5907,2843,59,89,0,0,89
60,5909,4777,59,809,0,0,809
60,5910,1343,59,1037,0,0,1037
60,5911,1060,59,1046,0,0,1046
60,5912,4779,59,1098,0,0,1098
60,5913,4781,59,898,0,0,898
60,5914,4782,59,984,0,0,984
60,5915,4783,59,311,0,0,311
61,5332,4308,51,353,40,141,212
61,5354,4298,51,351,40,140,211
61,5387,3428,52,177,30,53,124
61,5388,4371,52,157,30,47,110
61,5397,1107,52,532,30,159,373
61,5401,2232,52,363,30,108,255
61,5406,4364,52,297,30,89,208
61,5408,3919,52,311,30,93,218
61,5413,2855,52,155,30,46,109
61,5442,402,53,624,25,156,468
61,5444,294,53,382,25,95,287
61,5454,4392,53,593,25,148,445
61,5455,1098,53,576,25,144,432
61,5457,186,53,335,25,83,252
61,5458,4394,53,351,25,87,264
61,5459,2474,53,215,25,53,162
61,5463,2101,53,404,25,101,303
61,5465,2592,53,695,25,173,522
61,5467,2166,53,420,25,105,315
61,5474,4480,54,966,20,193,773
61,5475,3316,54,217,20,43,174
61,5476,4455,54,479,20,95,384
61,5479,1426,54,390,20,78,312
61,5480,4508,54,179,20,35,144
61,5481,4463,54,334,20,66,268
61,5485,3203,54,268,20,53,215
61,5491,4466,54,743,20,148,595
61,5494,4467,54,458,20,91,367
61,5495,1257,54,198,20,39,159
61,5496,2272,54,918,20,183,735
61,5497,4492,54,993,20,198,795
61,5498,4475,54,530,20,106,424
61,5499,4476,54,698,20,139,559
61,5508,2688,54,824,20,164,660
61,5509,3751,54,920,20,184,736
61,5510,1739,54,998,20,199,799
61,5511,3951,54,775,20,155,620
61,5515,4465,54,1020,20,204,816
61,5516,1163,54,976,20,195,781
61,5522,220,54,839,20,167,672
61,5523,4468,54,736,20,147,589
61,5524,4481,54,988,20,197,791
61,5525,4451,54,263,20,52,211
61,5526,3636,54,584,20,116,468
61,5530,4486,54,253,20,50,203
61,5533,3931,54,867,20,173,694
61,5536,2390,54,490,20,98,392
61,5537,4453,54,372,20,74,298
61,5538,2535,54,224,20,44,180
61,5545,3433,54,550,20,110,440
61,5551,1222,54,738,20,147,591
61,5555,1661,55,1180,0,0,1180
61,5556,3559,55,1235,0,0,1235
61,5562,3475,55,1024,0,0,1024
61,5565,1350,55,412,0,0,412
61,5566,562,55,1155,0,0,1155
61,5568,3153,55,786,0,0,786
61,5569,1866,55,1178,0,0,1178
61,5572,2737,55,946,0,0,946
61,5573,3538,55,1066,0,0,1066
61,5574,3666,55,1232,0,0,1232
61,5575,3830,55,677,0,0,677
61,5576,3743,55,1235,0,0,1235
61,5579,2987,55,946,0,0,946
61,5580,1851,55,403,0,0,403
61,5581,4518,55,369,0,0,369
61,5582,4519,55,1205,0,0,1205
61,5587,4520,55,345,0,0,345
61,5588,4525,55,522,0,0,522
61,5592,4531,55,1177,0,0,1177
61,5593,4533,55,321,0,0,321
61,5594,4534,55,327,0,0,327
61,5601,207,55,754,0,0,754
61,5602,2414,55,363,0,0,363
61,5604,4544,55,1218,0,0,1218
61,5605,4546,55,1189,0,0,1189
61,5606,886,55,962,0,0,962
61,5608,4548,55,189,0,0,189
61,5610,4549,55,156,0,0,156
61,5611,4551,55,620,0,0,620
61,5612,1034,55,204,0,0,204
61,5614,3102,55,371,0,0,371
61,5616,1197,55,620,0,0,620
61,5617,3600,55,890,0,0,890
61,5620,4556,55,886,0,0,886
61,5623,645,55,846,0,0,846
61,5624,3944,55,370,0,0,370
61,5627,4555,55,206,0,0,206
61,5628,4566,55,234,0,0,234
61,5629,4567,55,1112,0,0,1112
61,5630,4570,55,1085,0,0,1085
61,5631,4571,55,823,0,0,823
61,5632,2044,55,350,0,0,350
61,5634,4574,55,346,0,0,346
61,5635,4575,55,1079,0,0,1079
61,5636,3161,55,315,0,0,315
61,5637,3586,55,1157,0,0,1157
61,5638,4577,55,195,0,0,195
61,5639,2557,55,453,0,0,453
61,5640,2332,55,413,0,0,413
61,5642,1511,55,824,0,0,824
61,5643,1438,55,324,0,0,324
61,5645,4579,55,475,0,0,475
61,5646,1266,55,585,0,0,585
61,5647,2818,55,387,0,0,387
61,5648,409,55,381,0,0,381
61,5651,1977,55,288,0,0,288
61,5656,2308,55,905,0,0,905
61,5658,3943,55,174,0,0,174
61,5661,4588,55,790,0,0,790
61,5664,4592,55,1047,0,0,1047
61,5665,4593,55,197,0,0,197
61,5667,1609,56,1369,0,0,1369
61,5668,1454,56,1063,0,0,1063
61,5670,1643,56,1383,0,0,1383
61,5671,4595,56,455,0,0,455
61,5672,4584,56,1220,0,0,1220
61,5673,4596,55,306,0,0,306
61,5674,954,56,685,0,0,685
61,5675,3182,56,1363,0,0,1363
61,5676,3567,56,1071,0,0,1071
61,5677,3183,56,481,0,0,481
61,5678,3844,56,1323,0,0,1323
61,5679,1594,56,858,0,0,858
61,5680,3172,56,372,0,0,372
61,5681,4576,56,1085,0,0,1085
61,5682,4597,56,1341,0,0,1341
61,5683,3765,56,870,0,0,870
61,5684,1236,56,1328,0,0,1328
61,5685,3620,56,628,0,0,628
61,5686,4598,56,80,0,0,80
61,5687,4599,56,111,0,0,111
61,5688,4600,56,87,0,0,87
61,5689,153,56,825,0,0,825
61,5691,4602,56,40,0,0,40
61,5692,3804,56,1307,0,0,1307
61,5694,3793,56,1296,0,0,1296
61,5695,4605,56,40,0,0,40
61,5696,2196,56,1111,0,0,1111
61,5697,2637,56,1341,0,0,1341
61,5699,4606,56,1231,0,0,1231
61,5701,4607,56,64,0,0,64
61,5702,3020,56,1228,0,0,1228
61,5703,4611,56,359,0,0,359
61,5704,4612,56,80,0,0,80
61,5705,4614,56,64,0,0,64
61,5706,4616,56,293,0,0,293
61,5707,4618,56,1369,0,0,1369
61,5708,4620,56,779,0,0,779
61,5709,4621,56,184,0,0,184
61,5710,4619,56,120,0,0,120
61,5711,4624,56,40,0,0,40
61,5712,4622,56,62,0,0,62
61,5713,4623,56,65,0,0,65
61,5714,4625,56,40,0,0,40
61,5715,4626,56,81,0,0,81
61,5716,4629,56,1361,0,0,1361
61,5717,4630,56,111,0,0,111
61,5718,3718,56,1005,0,0,1005
61,5720,4632,56,278,0,0,278
61,5721,4633,56,1391,0,0,1391
61,5723,4635,56,98,0,0,98
61,5724,4636,56,1120,0,0,1120
61,5725,4638,56,1331,0,0,1331
61,5726,4641,56,59,0,0,59
61,5727,4637,56,1392,0,0,1392
61,5729,4643,56,54,0,0,54
61,5730,4645,56,160,0,0,160
61,5731,4644,56,172,0,0,172
61,5732,4646,56,42,0,0,42
61,5733,4647,56,150,0,0,150
61,5734,4648,56,538,0,0,538
61,5735,4649,56,991,0,0,991
61,5736,4650,56,363,0,0,363
61,5737,4651,56,40,0,0,40
61,5738,4652,56,61,0,0,61
61,5740,4654,56,1214,0,0,1214
61,5742,4655,56,1087,0,0,1087
61,5743,4656,56,1326,0,0,1326
61,5744,734,56,73,0,0,73
61,5745,2339,56,330,0,0,330
61,5746,4658,56,40,0,0,40
61,5747,4659,56,313,0,0,313
61,5748,4661,56,68,0,0,68
61,5749,3932,56,76,0,0,76
61,5750,4662,56,40,0,0,40
61,5751,4663,57,686,0,0,686
61,5752,4664,57,50,0,0,50
61,5753,2102,57,857,0,0,857
61,5754,2461,57,1542,0,0,1542
61,5755,3828,57,1489,0,0,1489
61,5756,2874,57,1566,0,0,1566
61,5757,271,57,926,0,0,926
61,5758,2205,57,1093,0,0,1093
61,5759,1419,57,227,0,0,227
61,5760,4665,57,92,0,0,92
61,5761,4666,57,120,0,0,120
61,5762,4667,57,941,0,0,941
61,5763,3849,57,1526,0,0,1526
61,5765,4672,57,50,0,0,50
61,5766,4673,57,226,0,0,226
61,5767,4675,57,82,0,0,82
61,5768,4676,57,83,0,0,83
61,5769,3888,57,1375,0,0,1375
61,5771,2999,57,936,0,0,936
61,5772,4677,57,316,0,0,316
61,5773,3973,57,1453,0,0,1453
61,5774,4678,57,314,0,0,314
61,5776,2583,57,1491,0,0,1491
61,5777,369,57,1427,0,0,1427
61,5778,3232,57,1334,0,0,1334
61,5779,4681,57,545,0,0,545
61,5780,4680,57,664,0,0,664
61,5781,4683,57,50,0,0,50
61,5782,4682,57,74,0,0,74
61,5783,4686,57,72,0,0,72
61,5785,4687,57,84,0,0,84
61,5786,4689,57,657,0,0,657
61,5787,4690,57,50,0,0,50
61,5788,4691,57,170,0,0,170
61,5790,4694,57,1176,0,0,1176
61,5791,4695,57,1377,0,0,1377
61,5792,4696,57,719,0,0,719
61,5793,40,57,930,0,0,930
61,5794,4697,57,790,0,0,790
61,5795,2323,57,1328,0,0,1328
61,5796,4699,57,80,0,0,80
61,5797,4700,57,72,0,0,72
61,5798,4701,57,50,0,0,50
61,5799,4702,57,1302,0,0,1302
61,5800,4703,57,265,0,0,265
61,5801,3870,58,496,0,0,496
61,5802,4704,58,50,0,0,50
61,5803,830,58,60,0,0,60
61,5804,2931,58,1146,0,0,1146
61,5805,3101,57,1456,0,0,1456
61,5807,2211,58,1333,0,0,1333
61,5809,4705,58,80,0,0,80
61,5810,3981,58,1380,0,0,1380
61,5811,3223,58,1000,0,0,1000
61,5813,4708,58,922,0,0,922
61,5814,2833,58,417,0,0,417
61,5815,1641,58,1336,0,0,1336
61,5816,2458,58,1183,0,0,1183
61,5817,4709,58,1077,0,0,1077
61,5818,594,58,934,0,0,934
61,5819,4710,58,1328,0,0,1328
61,5820,2274,58,834,0,0,834
61,5821,2243,58,273,0,0,273
61,5822,2214,58,1092,0,0,1092
61,5824,1717,58,726,0,0,726
61,5825,1486,58,828,0,0,828
61,5826,3306,58,785,0,0,785
61,5827,4711,58,619,0,0,619
61,5828,4712,58,76,0,0,76
61,5829,3903,58,1309,0,0,1309
61,5830,4716,58,362,0,0,362
61,5831,4717,58,50,0,0,50
61,5833,4718,58,648,0,0,648
61,5834,4719,58,333,0,0,333
61,5835,4720,58,107,0,0,107
61,5836,4474,58,217,0,0,217
61,5837,4119,58,648,0,0,648
61,5838,4722,58,1310,0,0,1310
61,5839,4723,58,1149,0,0,1149
61,5841,4726,58,1220,0,0,1220
61,5842,2333,59,970,0,0,970
61,5843,3240,59,1153,0,0,1153
61,5844,2091,59,1144,0,0,1144
61,5845,794,59,1154,0,0,1154
61,5846,3966,59,1164,0,0,1164
61,5847,4728,59,77,0,0,77
61,5848,4317,59,753,0,0,753
61,5849,2082,59,881,0,0,881
61,5850,4729,59,50,0,0,50
61,5851,4730,59,57,0,0,57
61,5852,1424,59,1007,0,0,1007
61,5853,4731,59,634,0,0,634
61,5854,4732,59,79,0,0,79
61,5855,4733,59,377,0,0,377
61,5856,4734,59,720,0,0,720
61,5857,4736,59,1194,0,0,1194
61,5858,4737,59,1182,0,0,1182
61,5859,4735,59,962,0,0,962
61,5860,4738,59,1167,0,0,1167
61,5861,3893,59,282,0,0,282
61,5862,4162,59,1146,0,0,1146
61,5863,4742,59,104,0,0,104
61,5865,4748,59,233,0,0,233
61,5866,4750,59,235,0,0,235
61,5867,4751,59,437,0,0,437
61,5868,4747,59,481,0,0,481
61,5869,4754,59,126,0,0,126
61,5870,4756,59,50,0,0,50
61,5871,4757,59,50,0,0,50
61,5872,4758,59,50,0,0,50
61,5873,4759,59,195,0,0,195
61,5874,4760,59,76,0,0,76
61,5875,4761,59,50,0,0,50
61,5876,2295,59,1144,0,0,1144
61,5877,3434,59,489,0,0,489
61,5878,1073,59,1071,0,0,1071
61,5880,4762,59,415,0,0,415
61,5881,1231,59,368,0,0,368
61,5882,2423,59,270,0,0,270
61,5883,3985,59,654,0,0,654
61,5884,4764,59,99,0,0,99
61,5885,4228,59,736,0,0,736
61,5886,4765,59,1121,0,0,1121
61,5887,4766,59,1045,0,0,1045
61,5888,3469,59,250,0,0,250
61,5889,2246,59,573,0,0,573
61,5890,3573,59,1032,0,0,1032
61,5892,4668,59,80,0,0,80
61,5893,2676,59,280,0,0,280
61,5894,3902,59,417,0,0,417
61,5895,3114,59,1128,0,0,1128
61,5896,4768,59,641,0,0,641
61,5898,4770,59,299,0,0,299
61,5899,4771,59,50,0,0,50
61,5900,552,59,164,0,0,164
61,5901,4772,59,57,0,0,57
61,5903,2887,59,467,0,0,467
61,5905,4776,59,216,0,0,216
61,5906,4000,59,931,0,0,931
61,5907,2843,59,89,0,0,89
61,5909,4777,59,809,0,0,809
61,5910,1343,59,1037,0,0,1037
61,5911,1060,59,1046,0,0,1046
61,5912,4779,59,1098,0,0,1098
61,5913,4781,59,898,0,0,898
61,5914,4782,59,984,0,0,984
61,5915,4783,59,311,0,0,311
61,5916,4692,60,278,0,0,278
61,5917,4784,60,50,0,0,50
61,5918,1770,60,802,0,0,802
61,5919,2083,60,977,0,0,977
61,5920,3964,60,986,0,0,986
61,5921,1321,60,974,0,0,974
61,5922,4785,60,625,0,0,625
61,5923,4786,60,403,0,0,403
61,5924,2742,60,693,0,0,693
61,5925,4156,60,1022,0,0,1022
61,5926,2284,60,750,0,0,750
61,5927,3954,60,969,0,0,969
61,5928,867,60,966,0,0,966
61,5929,2073,60,955,0,0,955
61,5931,4099,60,955,0,0,955
61,5932,4187,60,935,0,0,935
61,5933,2872,60,974,0,0,974
61,5934,3126,60,860,0,0,860
61,5935,1902,60,909,0,0,909
61,5936,3106,60,404,0,0,404
61,5938,4206,60,982,0,0,982
61,5939,4778,60,581,0,0,581
61,5940,2811,60,361,0,0,361
61,5941,4201,60,795,0,0,795
61,5942,554,60,403,0,0,403
61,5943,2175,60,911,0,0,911
61,5944,3612,60,769,0,0,769
61,5945,3408,60,339,0,0,339
61,5946,1097,60,940,0,0,940
61,5947,1646,60,816,0,0,816
61,5948,4788,60,342,0,0,342
61,5949,4227,60,823,0,0,823
61,5950,2409,60,677,0,0,677
61,5951,4154,60,735,0,0,735
61,5952,3342,60,937,0,0,937
61,5953,1124,60,451,0,0,451
61,5954,4167,60,435,0,0,435
61,5955,4157,60,349,0,0,349
61,5956,4790,60,329,0,0,329
61,5957,4791,60,118,0,0,118
61,5958,3564,60,778,0,0,778
61,5959,4792,60,397,0,0,397
61,5960,2118,60,753,0,0,753
61,5961,4795,60,603,0,0,603
61,5962,4796,60,128,0,0,128
61,5963,4798,60,50,0,0,50
61,5964,4801,60,65,0,0,65
61,5965,4803,60,57,0,0,57
61,5966,4802,60,979,0,0,979
61,5967,4806,60,979,0,0,979
61,5968,4808,60,501,0,0,501
61,5969,4810,60,84,0,0,84
61,5970,4811,60,81,0,0,81
61,5971,4812,60,50,0,0,50
61,5972,4814,60,931,0,0,931
61,5973,4816,60,609,0,0,609
61,5974,4815,60,90,0,0,90
61,5975,4807,60,964,0,0,964
61,5976,4820,60,565,0,0,565
61,5977,4819,60,615,0,0,615
61,5978,4822,60,84,0,0,84
61,5979,4821,60,112,0,0,112
61,5980,4824,60,75,0,0,75
61,5981,4826,60,299,0,0,299
61,5982,4828,60,72,0,0,72
61,5983,4827,60,83,0,0,83
61,5984,4833,60,90,0,0,90
61,5985,4834,60,127,0,0,127
61,5986,4836,60,399,0,0,399
61,5987,4838,60,81,0,0,81
61,5988,4839,60,959,0,0,959
61,5989,4840,60,979,0,0,979
61,5990,4837,60,594,0,0,594
61,5991,4831,60,479,0,0,479
61,5992,4844,60,129,0,0,129
61,5993,4846,60,50,0,0,50
61,5994,4845,60,87,0,0,87
61,5995,4852,60,96,0,0,96
61,5996,4851,60,615,0,0,615
61,5997,3463,60,741,0,0,741
61,5998,4855,60,269,0,0,269
61,5999,4853,60,72,0,0,72
61,6000,4856,60,74,0,0,74
61,6001,4858,60,398,0,0,398
61,6002,4862,60,79,0,0,79
61,6003,4860,60,180,0,0,180
61,6004,4859,60,625,0,0,625
61,6005,4865,60,50,0,0,50
61,6006,4866,60,954,0,0,954
61,6007,4867,60,90,0,0,90
61,6008,4870,60,950,0,0,950
61,6009,4871,60,215,0,0,215
61,6010,4874,60,745,0,0,745
61,6011,4875,60,50,0,0,50
61,6012,4876,60,82,0,0,82
61,6013,4880,60,149,0,0,149
61,6014,4878,60,50,0,0,50
61,6015,4881,60,147,0,0,147
61,6016,4882,60,282,0,0,282
61,6017,4883,60,196,0,0,196
61,6018,4884,60,77,0,0,77
61,6019,3035,60,72,0,0,72
62,5332,4308,51,353,50,176,177
62,5354,4298,51,351,50,175,176
62,5387,3428,52,177,40,70,107
62,5388,4371,52,157,40,62,95
62,5397,1107,52,532,40,212,320
62,5401,2232,52,363,40,145,218
62,5406,4364,52,297,40,118,179
62,5408,3919,52,311,40,124,187
62,5413,2855,52,155,40,62,93
62,5442,402,53,624,30,187,437
62,5444,294,53,382,30,114,268
62,5454,4392,53,593,30,177,416
62,5455,1098,53,576,30,172,404
62,5457,186,53,335,30,100,235
62,5458,4394,53,351,30,105,246
62,5459,2474,53,215,30,64,151
62,5463,2101,53,404,30,121,283
62,5465,2592,53,695,30,208,487
62,5467,2166,53,420,30,126,294
62,5474,4480,54,966,25,241,725
62,5475,3316,54,217,25,54,163
62,5476,4455,54,479,25,119,360
62,5479,1426,54,390,25,97,293
62,5480,4508,54,179,25,44,135
62,5481,4463,54,334,25,83,251
62,5485,3203,54,268,25,67,201
62,5491,4466,54,743,25,185,558
62,5494,4467,54,458,25,114,344
62,5495,1257,54,198,25,49,149
62,5496,2272,54,918,25,229,689
62,5497,4492,54,993,25,248,745
62,5498,4475,54,530,25,132,398
62,5499,4476,54,698,25,174,524
62,5508,2688,54,824,25,206,618
62,5509,3751,54,920,25,230,690
62,5510,1739,54,998,25,249,749
62,5511,3951,54,775,25,193,582
62,5515,4465,54,1020,25,255,765
62,5516,1163,54,976,25,244,732
62,5522,220,54,839,25,209,630
62,5523,4468,54,736,25,184,552
62,5524,4481,54,988,25,247,741
62,5525,4451,54,263,25,65,198
62,5526,3636,54,584,25,146,438
62,5530,4486,54,253,25,63,190
62,5533,3931,54,867,25,216,651
62,5536,2390,54,490,25,122,368
62,5537,4453,54,372,25,93,279
62,5538,2535,54,224,25,56,168
62,5545,3433,54,550,25,137,413
62,5551,1222,54,738,25,184,554
62,5555,1661,55,1180,20,236,944
62,5556,3559,55,1235,20,247,988
62,5562,3475,55,1024,20,204,820
62,5565,1350,55,412,20,82,330
62,5566,562,55,1155,20,231,924
62,5568,3153,55,786,20,157,629
62,5569,1866,55,1178,20,235,943
62,5572,2737,55,946,20,189,757
62,5573,3538,55,1066,20,213,853
62,5574,3666,55,1232,20,246,986
62,5575,3830,55,677,20,135,542
62,5576,3743,55,1235,20,247,988
62,5579,2987,55,946,20,189,757
62,5580,1851,55,403,20,80,323
62,5581,4518,55,369,20,73,296
62,5582,4519,55,1205,20,241,964
62,5587,4520,55,345,20,69,276
62,5588,4525,55,522,20,104,418
62,5592,4531,55,1177,20,235,942
62,5593,4533,55,321,20,64,257
62,5594,4534,55,327,20,65,262
62,5601,207,55,754,20,150,604
62,5602,2414,55,363,20,72,291
62,5604,4544,55,1218,20,243,975
62,5605,4546,55,1189,20,237,952
62,5606,886,55,962,20,192,770
62,5608,4548,55,189,20,37,152
62,5610,4549,55,156,20,31,125
62,5611,4551,55,620,20,124,496
62,5612,1034,55,204,20,40,164
62,5614,3102,55,371,20,74,297
62,5616,1197,55,620,20,124,496
62,5617,3600,55,890,20,178,712
62,5620,4556,55,886,20,177,709
62,5623,645,55,846,20,169,677
62,5624,3944,55,370,20,74,296
62,5627,4555,55,206,20,41,165
62,5628,4566,55,234,20,46,188
62,5629,4567,55,1112,20,222,890
62,5630,4570,55,1085,20,217,868
62,5631,4571,55,823,20,164,659
62,5632,2044,55,350,20,70,280
62,5634,4574,55,346,20,69,277
62,5635,4575,55,1079,20,215,864
62,5636,3161,55,315,20,63,252
62,5637,3586,55,1157,20,231,926
62,5638,4577,55,195,20,39,156
62,5639,2557,55,453,20,90,363
62,5640,2332,55,413,20,82,331
62,5642,1511,55,824,20,164,660
62,5643,1438,55,324,20,64,260
62,5645,4579,55,475,20,95,380
62,5646,1266,55,585,20,117,468
62,5647,2818,55,387,20,77,310
62,5648,409,55,381,20,76,305
62,5651,1977,55,288,20,57,231
62,5656,2308,55,905,20,181,724
62,5658,3943,55,174,20,34,140
62,5661,4588,55,790,20,158,632
62,5664,4592,55,1047,20,209,838
62,5665,4593,55,197,20,39,158
62,5667,1609,56,1369,0,0,1369
62,5668,1454,56,1063,0,0,1063
62,5670,1643,56,1383,0,0,1383
62,5671,4595,56,455,0,0,455
62,5672,4584,56,1220,0,0,1220
62,5673,4596,55,306,20,61,245
62,5674,954,56,685,0,0,685
62,5675,3182,56,1363,0,0,1363
62,5676,3567,56,1071,0,0,1071
62,5677,3183,56,481,0,0,481
62,5678,3844,56,1323,0,0,1323
62,5679,1594,56,858,0,0,858
62,5680,3172,56,372,0,0,372
62,5681,4576,56,1085,0,0,1085
62,5682,4597,56,1341,0,0,1341
62,5683,3765,56,870,0,0,870
62,5684,1236,56,1328,0,0,1328
62,5685,3620,56,628,0,0,628
62,5686,4598,56,80,0,0,80
62,5687,4599,56,111,0,0,111
62,5688,4600,56,87,0,0,87
62,5689,153,56,825,0,0,825
62,5691,4602,56,40,0,0,40
62,5692,3804,56,1307,0,0,1307
62,5694,3793,56,1296,0,0,1296
62,5695,4605,56,40,0,0,40
62,5696,2196,56,1111,0,0,1111
62,5697,2637,56,1341,0,0,1341
62,5699,4606,56,1231,0,0,1231
62,5701,4607,56,64,0,0,64
62,5702,3020,56,1228,0,0,1228
62,5703,4611,56,359,0,0,359
62,5704,4612,56,80,0,0,80
62,5705,4614,56,64,0,0,64
62,5706,4616,56,293,0,0,293
62,5707,4618,56,1369,0,0,1369
62,5708,4620,56,779,0,0,779
62,5709,4621,56,184,0,0,184
62,5710,4619,56,120,0,0,120
62,5711,4624,56,40,0,0,40
62,5712,4622,56,62,0,0,62
62,5713,4623,56,65,0,0,65
62,5714,4625,56,40,0,0,40
62,5715,4626,56,81,0,0,81
62,5716,4629,56,1361,0,0,1361
62,5717,4630,56,111,0,0,111
62,5718,3718,56,1005,0,0,1005
62,5720,4632,56,278,0,0,278
62,5721,4633,56,1391,0,0,1391
62,5723,4635,56,98,0,0,98
62,5724,4636,56,1120,0,0,1120
62,5725,4638,56,1331,0,0,1331
62,5726,4641,56,59,0,0,59
62,5727,4637,56,1392,0,0,1392
62,5729,4643,56,54,0,0,54
62,5730,4645,56,160,0,0,160
62,5731,4644,56,172,0,0,172
62,5732,4646,56,42,0,0,42
62,5733,4647,56,150,0,0,150
62,5734,4648,56,538,0,0,538
62,5735,4649,56,991,0,0,991
62,5736,4650,56,363,0,0,363
62,5737,4651,56,40,0,0,40
62,5738,4652,56,61,0,0,61
62,5740,4654,56,1214,0,0,1214
62,5742,4655,56,1087,0,0,1087
62,5743,4656,56,1326,0,0,1326
62,5744,734,56,73,0,0,73
62,5745,2339,56,330,0,0,330
62,5746,4658,56,40,0,0,40
62,5747,4659,56,313,0,0,313
62,5748,4661,56,68,0,0,68
62,5749,3932,56,76,0,0,76
62,5750,4662,56,40,0,0,40
62,5751,4663,57,686,0,0,686
62,5752,4664,57,50,0,0,50
62,5753,2102,57,857,0,0,857
62,5754,2461,57,1542,0,0,1542
62,5755,3828,57,1489,0,0,1489
62,5756,2874,57,1566,0,0,1566
62,5757,271,57,926,0,0,926
62,5758,2205,57,1093,0,0,1093
62,5759,1419,57,227,0,0,227
62,5760,4665,57,92,0,0,92
62,5761,4666,57,120,0,0,120
62,5762,4667,57,941,0,0,941
62,5763,3849,57,1526,0,0,1526
62,5765,4672,57,50,0,0,50
62,5766,4673,57,226,0,0,226
62,5767,4675,57,82,0,0,82
62,5768,4676,57,83,0,0,83
62,5769,3888,57,1375,0,0,1375
62,5771,2999,57,936,0,0,936
62,5772,4677,57,316,0,0,316
62,5773,3973,57,1453,0,0,1453
62,5774,4678,57,314,0,0,314
62,5776,2583,57,1491,0,0,1491
62,5777,369,57,1427,0,0,1427
62,5778,3232,57,1334,0,0,1334
62,5779,4681,57,545,0,0,545
62,5780,4680,57,664,0,0,664
62,5781,4683,57,50,0,0,50
62,5782,4682,57,74,0,0,74
62,5783,4686,57,72,0,0,72
62,5785,4687,57,84,0,0,84
62,5786,4689,57,657,0,0,657
62,5787,4690,57,50,0,0,50
62,5788,4691,57,170,0,0,170
62,5790,4694,57,1176,0,0,1176
62,5791,4695,57,1377,0,0,1377
62,5792,4696,57,719,0,0,719
62,5793,40,57,930,0,0,930
62,5794,4697,57,790,0,0,790
62,5795,2323,57,1328,0,0,1328
62,5796,4699,57,80,0,0,80
62,5797,4700,57,72,0,0,72
62,5798,4701,57,50,0,0,50
62,5799,4702,57,1302,0,0,1302
62,5800,4703,57,265,0,0,265
62,5801,3870,58,496,0,0,496
62,5802,4704,58,50,0,0,50
62,5803,830,58,60,0,0,60
62,5804,2931,58,1146,0,0,1146
62,5805,3101,57,1456,0,0,1456
62,5807,2211,58,1333,0,0,1333
62,5809,4705,58,80,0,0,80
62,5810,3981,58,1380,0,0,1380
62,5811,3223,58,1000,0,0,1000
62,5813,4708,58,922,0,0,922
62,5814,2833,58,417,0,0,417
62,5815,1641,58,1336,0,0,1336
62,5816,2458,58,1183,0,0,1183
62,5817,4709,58,1077,0,0,1077
62,5818,594,58,934,0,0,934
62,5819,4710,58,1328,0,0,1328
62,5820,2274,58,834,0,0,834
62,5821,2243,58,273,0,0,273
62,5822,2214,58,1092,0,0,1092
62,5824,1717,58,726,0,0,726
62,5825,1486,58,828,0,0,828
62,5826,3306,58,785,0,0,785
62,5827,4711,58,619,0,0,619
62,5828,4712,58,76,0,0,76
62,5829,3903,58,1309,0,0,1309
62,5830,4716,58,362,0,0,362
62,5831,4717,58,50,0,0,50
62,5833,4718,58,648,0,0,648
62,5834,4719,58,333,0,0,333
62,5835,4720,58,107,0,0,107
62,5836,4474,58,217,0,0,217
62,5837,4119,58,648,0,0,648
62,5838,4722,58,1310,0,0,1310
62,5839,4723,58,1149,0,0,1149
62,5841,4726,58,1220,0,0,1220
62,5842,2333,59,970,0,0,970
62,5843,3240,59,1153,0,0,1153
62,5844,2091,59,1144,0,0,1144
62,5845,794,59,1154,0,0,1154
62,5846,3966,59,1164,0,0,1164
62,5847,4728,59,77,0,0,77
62,5848,4317,59,753,0,0,753
62,5849,2082,59,881,0,0,881
62,5850,4729,59,50,0,0,50
62,5851,4730,59,57,0,0,57
62,5852,1424,59,1007,0,0,1007
62,5853,4731,59,634,0,0,634
62,5854,4732,59,79,0,0,79
62,5855,4733,59,377,0,0,377
62,5856,4734,59,720,0,0,720
62,5857,4736,59,1194,0,0,1194
62,5858,4737,59,1182,0,0,1182
62,5859,4735,59,962,0,0,962
62,5860,4738,59,1167,0,0,1167
62,5861,3893,59,282,0,0,282
62,5862,4162,59,1146,0,0,1146
62,5863,4742,59,104,0,0,104
62,5865,4748,59,233,0,0,233
62,5866,4750,59,235,0,0,235
62,5867,4751,59,437,0,0,437
62,5868,4747,59,481,0,0,481
62,5869,4754,59,126,0,0,126
62,5870,4756,59,50,0,0,50
62,5871,4757,59,50,0,0,50
62,5872,4758,59,50,0,0,50
62,5873,4759,59,195,0,0,195
62,5874,4760,59,76,0,0,76
62,5875,4761,59,50,0,0,50
62,5876,2295,59,1144,0,0,1144
62,5877,3434,59,489,0,0,489
62,5878,1073,59,1071,0,0,1071
62,5880,4762,59,415,0,0,415
62,5881,1231,59,368,0,0,368
62,5882,2423,59,270,0,0,270
62,5883,3985,59,654,0,0,654
62,5884,4764,59,99,0,0,99
62,5885,4228,59,736,0,0,736
62,5886,4765,59,1121,0,0,1121
62,5887,4766,59,1045,0,0,1045
62,5888,3469,59,250,0,0,250
62,5889,2246,59,573,0,0,573
62,5890,3573,59,1032,0,0,1032
62,5892,4668,59,80,0,0,80
62,5893,2676,59,280,0,0,280
62,5894,3902,59,417,0,0,417
62,5895,3114,59,1128,0,0,1128
62,5896,4768,59,641,0,0,641
62,5898,4770,59,299,0,0,299
62,5899,4771,59,50,0,0,50
62,5900,552,59,164,0,0,164
62,5901,4772,59,57,0,0,57
62,5903,2887,59,467,0,0,467
62,5905,4776,59,216,0,0,216
62,5906,4000,59,931,0,0,931
62,5907,2843,59,89,0,0,89
62,5909,4777,59,809,0,0,809
62,5910,1343,59,1037,0,0,1037
62,5911,1060,59,1046,0,0,1046
62,5912,4779,59,1098,0,0,1098
62,5913,4781,59,898,0,0,898
62,5914,4782,59,984,0,0,984
62,5915,4783,59,311,0,0,311
62,5916,4692,60,278,0,0,278
62,5917,4784,60,50,0,0,50
62,5918,1770,60,802,0,0,802
62,5919,2083,60,977,0,0,977
62,5920,3964,60,986,0,0,986
62,5921,1321,60,974,0,0,974
62,5922,4785,60,625,0,0,625
62,5923,4786,60,403,0,0,403
62,5924,2742,60,693,0,0,693
62,5925,4156,60,1022,0,0,1022
62,5926,2284,60,750,0,0,750
62,5927,3954,60,969,0,0,969
62,5928,867,60,966,0,0,966
62,5929,2073,60,955,0,0,955
62,5931,4099,60,955,0,0,955
62,5932,4187,60,935,0,0,935
62,5933,2872,60,974,0,0,974
62,5934,3126,60,860,0,0,860
62,5935,1902,60,909,0,0,909
62,5936,3106,60,404,0,0,404
62,5938,4206,60,982,0,0,982
62,5939,4778,60,581,0,0,581
62,5940,2811,60,361,0,0,361
62,5941,4201,60,795,0,0,795
62,5942,554,60,403,0,0,403
62,5943,2175,60,911,0,0,911
62,5944,3612,60,769,0,0,769
62,5945,3408,60,339,0,0,339
62,5946,1097,60,940,0,0,940
62,5947,1646,60,816,0,0,816
62,5948,4788,60,342,0,0,342
62,5949,4227,60,823,0,0,823
62,5950,2409,60,677,0,0,677
62,5951,4154,60,735,0,0,735
62,5952,3342,60,937,0,0,937
62,5953,1124,60,451,0,0,451
62,5954,4167,60,435,0,0,435
62,5955,4157,60,349,0,0,349
62,5956,4790,60,329,0,0,329
62,5957,4791,60,118,0,0,118
62,5958,3564,60,778,0,0,778
62,5959,4792,60,397,0,0,397
62,5960,2118,60,753,0,0,753
62,5961,4795,60,603,0,0,603
62,5962,4796,60,128,0,0,128
62,5963,4798,60,50,0,0,50
62,5964,4801,60,65,0,0,65
62,5965,4803,60,57,0,0,57
62,5966,4802,60,979,0,0,979
62,5967,4806,60,979,0,0,979
62,5968,4808,60,501,0,0,501
62,5969,4810,60,84,0,0,84
62,5970,4811,60,81,0,0,81
62,5971,4812,60,50,0,0,50
62,5972,4814,60,931,0,0,931
62,5973,4816,60,609,0,0,609
62,5974,4815,60,90,0,0,90
62,5975,4807,60,964,0,0,964
62,5976,4820,60,565,0,0,565
62,5977,4819,60,615,0,0,615
62,5978,4822,60,84,0,0,84
62,5979,4821,60,112,0,0,112
62,5980,4824,60,75,0,0,75
62,5981,4826,60,299,0,0,299
62,5982,4828,60,72,0,0,72
62,5983,4827,60,83,0,0,83
62,5984,4833,60,90,0,0,90
62,5985,4834,60,127,0,0,127
62,5986,4836,60,399,0,0,399
62,5987,4838,60,81,0,0,81
62,5988,4839,60,959,0,0,959
62,5989,4840,60,979,0,0,979
62,5990,4837,60,594,0,0,594
62,5991,4831,60,479,0,0,479
62,5992,4844,60,129,0,0,129
62,5993,4846,60,50,0,0,50
62,5994,4845,60,87,0,0,87
62,5995,4852,60,96,0,0,96
62,5996,4851,60,615,0,0,615
62,5997,3463,60,741,0,0,741
62,5998,4855,60,269,0,0,269
62,5999,4853,60,72,0,0,72
62,6000,4856,60,74,0,0,74
62,6001,4858,60,398,0,0,398
62,6002,4862,60,79,0,0,79
62,6003,4860,60,180,0,0,180
62,6004,4859,60,625,0,0,625
62,6005,4865,60,50,0,0,50
62,6006,4866,60,954,0,0,954
62,6007,4867,60,90,0,0,90
62,6008,4870,60,950,0,0,950
62,6009,4871,60,215,0,0,215
62,6010,4874,60,745,0,0,745
62,6011,4875,60,50,0,0,50
62,6012,4876,60,82,0,0,82
62,6013,4880,60,149,0,0,149
62,6014,4878,60,50,0,0,50
62,6015,4881,60,147,0,0,147
62,6016,4882,60,282,0,0,282
62,6017,4883,60,196,0,0,196
62,6018,4884,60,77,0,0,77
62,6019,3035,60,72,0,0,72
62,6020,582,61,623,0,0,623
62,6021,4886,61,50,0,0,50
62,6022,3527,61,805,0,0,805
62,6023,2268,61,778,0,0,778
62,6024,3551,61,761,0,0,761
62,6025,1158,61,774,0,0,774
62,6026,3195,61,773,0,0,773
62,6027,4887,61,814,0,0,814
62,6028,3778,61,778,0,0,778
62,6029,1135,61,630,0,0,630
62,6030,2923,61,359,0,0,359
62,6031,3022,61,577,0,0,577
62,6032,2160,61,554,0,0,554
62,6033,2245,61,758,0,0,758
62,6034,4889,61,721,0,0,721
62,6035,3757,61,784,0,0,784
62,6036,4117,61,803,0,0,803
62,6037,3135,61,513,0,0,513
62,6038,305,61,752,0,0,752
62,6039,2203,61,783,0,0,783
62,6040,4890,61,274,0,0,274
62,6041,3194,61,788,0,0,788
62,6042,4891,61,87,0,0,87
62,6043,4893,61,200,0,0,200
62,6044,1278,61,452,0,0,452
62,6045,4894,61,144,0,0,144
62,6046,4895,61,50,0,0,50
62,6047,4896,61,506,0,0,506
62,6048,4892,61,696,0,0,696
62,6049,3745,61,283,0,0,283
62,6050,4897,61,385,0,0,385
62,6051,4898,61,81,0,0,81
62,6052,4899,61,73,0,0,73
62,6053,4905,61,50,0,0,50
62,6054,4906,61,50,0,0,50
62,6055,4907,61,632,0,0,632
62,6056,4910,61,50,0,0,50
62,6058,4912,61,156,0,0,156
62,6059,4913,61,77,0,0,77
62,6060,4915,61,437,0,0,437
62,6061,4916,61,105,0,0,105
62,6062,4917,61,76,0,0,76
62,6063,4919,61,50,0,0,50
62,6064,4921,61,50,0,0,50
62,6065,4922,61,145,0,0,145
62,6067,4926,61,666,0,0,666
62,6068,4924,61,50,0,0,50
62,6069,4925,61,562,0,0,562
62,6070,4909,61,81,0,0,81
62,6071,4929,61,72,0,0,72
62,6072,4931,61,50,0,0,50
62,6073,4903,61,72,0,0,72
62,6074,4911,61,130,0,0,130
62,6075,4932,61,51,0,0,51
62,6076,4933,61,765,0,0,765
62,6077,4934,61,397,0,0,397
62,6078,4935,61,140,0,0,140
62,6079,4937,61,50,0,0,50
62,6080,3282,61,390,0,0,390
62,6081,4943,61,463,0,0,463
62,6082,4942,61,75,0,0,75
62,6084,4947,61,50,0,0,50
62,6085,4948,61,50,0,0,50
62,6086,4949,61,76,0,0,76
62,6087,4946,61,736,0,0,736
62,6088,2800,61,573,0,0,573
62,6089,4953,61,50,0,0,50
62,6090,4955,61,101,0,0,101
62,6091,4954,61,408,0,0,408
62,6092,3713,61,481,0,0,481
62,6093,4958,61,50,0,0,50
62,6094,4957,61,401,0,0,401
62,6095,4960,61,77,0,0,77
62,6096,4961,61,677,0,0,677
62,6097,4962,61,72,0,0,72
62,6098,4964,61,99,0,0,99
62,6099,4965,61,76,0,0,76
62,6100,4966,61,225,0,0,225
62,6101,4967,61,133,0,0,133
62,6102,4968,61,117,0,0,117
62,6103,4969,61,302,0,0,302
62,6104,4970,61,790,0,0,790
62,6105,4971,61,76,0,0,76
62,6106,4972,61,380,0,0,380
62,6107,4974,61,267,0,0,267
62,6108,3998,61,707,0,0,707
62,6109,4975,61,400,0,0,400
62,6110,4976,61,78,0,0,78
62,6111,4977,61,290,0,0,290
62,6112,4978,61,749,0,0,749
62,6113,3313,61,147,0,0,147
62,6114,4980,61,108,0,0,108
62,6115,2670,61,644,0,0,644
62,6116,4981,61,96,0,0,96
62,6117,4982,61,406,0,0,406
62,6118,4983,61,765,0,0,765
62,6119,4985,61,76,0,0,76
62,6120,4986,61,660,0,0,660
62,6121,3569,61,50,0,0,50
63,5332,4308,51,353,60,211,142
63,5354,4298,51,351,60,210,141
63,5387,3428,52,177,50,88,89
63,5388,4371,52,157,50,78,79
63,5397,1107,52,532,50,266,266
63,5401,2232,52,363,50,181,182
63,5406,4364,52,297,50,148,149
63,5408,3919,52,311,50,155,156
63,5413,2855,52,155,50,77,78
63,5442,402,53,624,40,249,375
63,5444,294,53,382,40,152,230
63,5454,4392,53,593,40,237,356
63,5455,1098,53,576,40,230,346
63,5457,186,53,335,40,134,201
63,5458,4394,53,351,40,140,211
63,5459,2474,53,215,40,86,129
63,5463,2101,53,404,40,161,243
63,5465,2592,53,695,40,278,417
63,5467,2166,53,420,40,168,252
63,5474,4480,54,966,30,289,677
63,5475,3316,54,217,30,65,152
63,5476,4455,54,479,30,143,336
63,5479,1426,54,390,30,117,273
63,5480,4508,54,179,30,53,126
63,5481,4463,54,334,30,100,234
63,5485,3203,54,268,30,80,188
63,5491,4466,54,743,30,222,521
63,5494,4467,54,458,30,137,321
63,5495,1257,54,198,30,59,139
63,5496,2272,54,918,30,275,643
63,5497,4492,54,993,30,297,696
63,5498,4475,54,530,30,159,371
63,5499,4476,54,698,30,209,489
63,5508,2688,54,824,30,247,577
63,5509,3751,54,920,30,276,644
63,5510,1739,54,998,30,299,699
63,5511,3951,54,775,30,232,543
63,5515,4465,54,1020,30,306,714
63,5516,1163,54,976,30,292,684
63,5522,220,54,839,30,251,588
63,5523,4468,54,736,30,220,516
63,5524,4481,54,988,30,296,692
63,5525,4451,54,263,30,78,185
63,5526,3636,54,584,30,175,409
63,5530,4486,54,253,30,75,178
63,5533,3931,54,867,30,260,607
63,5536,2390,54,490,30,147,343
63,5537,4453,54,372,30,111,261
63,5538,2535,54,224,30,67,157
63,5545,3433,54,550,30,165,385
63,5551,1222,54,738,30,221,517
63,5555,1661,55,1180,25,295,885
63,5556,3559,55,1235,25,308,927
63,5562,3475,55,1024,25,256,768
63,5565,1350,55,412,25,103,309
63,5566,562,55,1155,25,288,867
63,5568,3153,55,786,25,196,590
63,5569,1866,55,1178,25,294,884
63,5572,2737,55,946,25,236,710
63,5573,3538,55,1066,25,266,800
63,5574,3666,55,1232,25,308,924
63,5575,3830,55,677,25,169,508
63,5576,3743,55,1235,25,308,927
63,5579,2987,55,946,25,236,710
63,5580,1851,55,403,25,100,303
63,5581,4518,55,369,25,92,277
63,5582,4519,55,1205,25,301,904
63,5587,4520,55,345,25,86,259
63,5588,4525,55,522,25,130,392
63,5592,4531,55,1177,25,294,883
63,5593,4533,55,321,25,80,241
63,5594,4534,55,327,25,81,246
63,5601,207,55,754,25,188,566
63,5602,2414,55,363,25,90,273
63,5604,4544,55,1218,25,304,914
63,5605,4546,55,1189,25,297,892
63,5606,886,55,962,25,240,722
63,5608,4548,55,189,25,47,142
63,5610,4549,55,156,25,39,117
63,5611,4551,55,620,25,155,465
63,5612,1034,55,204,25,51,153
63,5614,3102,55,371,25,92,279
63,5616,1197,55,620,25,155,465
63,5617,3600,55,890,25,222,668
63,5620,4556,55,886,25,221,665
63,5623,645,55,846,25,211,635
63,5624,3944,55,370,25,92,278
63,5627,4555,55,206,25,51,155
63,5628,4566,55,234,25,58,176
63,5629,4567,55,1112,25,278,834
63,5630,4570,55,1085,25,271,814
63,5631,4571,55,823,25,205,618
63,5632,2044,55,350,25,87,263
63,5634,4574,55,346,25,86,260
63,5635,4575,55,1079,25,269,810
63,5636,3161,55,315,25,78,237
63,5637,3586,55,1157,25,289,868
63,5638,4577,55,195,25,48,147
63,5639,2557,55,453,25,113,340
63,5640,2332,55,413,25,103,310
63,5642,1511,55,824,25,206,618
63,5643,1438,55,324,25,81,243
63,5645,4579,55,475,25,118,357
63,5646,1266,55,585,25,146,439
63,5647,2818,55,387,25,96,291
63,5648,409,55,381,25,95,286
63,5651,1977,55,288,25,72,216
63,5656,2308,55,905,25,226,679
63,5658,3943,55,174,25,43,131
63,5661,4588,55,790,25,197,593
63,5664,4592,55,1047,25,261,786
63,5665,4593,55,197,25,49,148
63,5667,1609,56,1369,20,273,1096
63,5668,1454,56,1063,20,212,851
63,5670,1643,56,1383,20,276,1107
63,5671,4595,56,455,20,91,364
63,5672,4584,56,1220,20,244,976
63,5673,4596,55,306,25,76,230
63,5674,954,56,685,20,137,548
63,5675,3182,56,1363,20,272,1091
63,5676,3567,56,1071,20,214,857
63,5677,3183,56,481,20,96,385
63,5678,3844,56,1323,20,264,1059
63,5679,1594,56,858,20,171,687
63,5680,3172,56,372,20,74,298
63,5681,4576,56,1085,20,217,868
63,5682,4597,56,1341,20,268,1073
63,5683,3765,56,870,20,174,696
63,5684,1236,56,1328,20,265,1063
63,5685,3620,56,628,20,125,503
63,5686,4598,56,80,20,16,64
63,5687,4599,56,111,20,22,89
63,5688,4600,56,87,20,17,70
63,5689,153,56,825,20,165,660
63,5691,4602,56,40,20,8,32
63,5692,3804,56,1307,20,261,1046
63,5694,3793,56,1296,20,259,1037
63,5695,4605,56,40,20,8,32
63,5696,2196,56,1111,20,222,889
63,5697,2637,56,1341,20,268,1073
63,5699,4606,56,1231,20,246,985
63,5701,4607,56,64,20,12,52
63,5702,3020,56,1228,20,245,983
63,5703,4611,56,359,20,71,288
63,5704,4612,56,80,20,16,64
63,5705,4614,56,64,20,12,52
63,5706,4616,56,293,20,58,235
63,5707,4618,56,1369,20,273,1096
63,5708,4620,56,779,20,155,624
63,5709,4621,56,184,20,36,148
63,5710,4619,56,120,20,24,96
63,5711,4624,56,40,20,8,32
63,5712,4622,56,62,20,12,50
63,5713,4623,56,65,20,13,52
63,5714,4625,56,40,20,8,32
63,5715,4626,56,81,20,16,65
63,5716,4629,56,1361,20,272,1089
63,5717,4630,56,111,20,22,89
63,5718,3718,56,1005,20,201,804
63,5720,4632,56,278,20,55,223
63,5721,4633,56,1391,20,278,1113
63,5723,4635,56,98,20,19,79
63,5724,4636,56,1120,20,224,896
63,5725,4638,56,1331,20,266,1065
63,5726,4641,56,59,20,11,48
63,5727,4637,56,1392,20,278,1114
63,5729,4643,56,54,20,10,44
63,5730,4645,56,160,20,32,128
63,5731,4644,56,172,20,34,138
63,5732,4646,56,42,20,8,34
63,5733,4647,56,150,20,30,120
63,5734,4648,56,538,20,107,431
63,5735,4649,56,991,20,198,793
63,5736,4650,56,363,20,72,291
63,5737,4651,56,40,20,8,32
63,5738,4652,56,61,20,12,49
63,5740,4654,56,1214,20,242,972
63,5742,4655,56,1087,20,217,870
63,5743,4656,56,1326,20,265,1061
63,5744,734,56,73,20,14,59
63,5745,2339,56,330,20,66,264
63,5746,4658,56,40,20,8,32
63,5747,4659,56,313,20,62,251
63,5748,4661,56,68,20,13,55
63,5749,3932,56,76,20,15,61
63,5750,4662,56,40,20,8,32
63,5751,4663,57,686,0,0,686
63,5752,4664,57,50,0,0,50
63,5753,2102,57,857,0,0,857
63,5754,2461,57,1542,0,0,1542
63,5755,3828,57,1489,0,0,1489
63,5756,2874,57,1566,0,0,1566
63,5757,271,57,926,0,0,926
63,5758,2205,57,1093,0,0,1093
63,5759,1419,57,227,0,0,227
63,5760,4665,57,92,0,0,92
63,5761,4666,57,120,0,0,120
63,5762,4667,57,941,0,0,941
63,5763,3849,57,1526,0,0,1526
63,5765,4672,57,50,0,0,50
63,5766,4673,57,226,0,0,226
63,5767,4675,57,82,0,0,82
63,5768,4676,57,83,0,0,83
63,5769,3888,57,1375,0,0,1375
63,5771,2999,57,936,0,0,936
63,5772,4677,57,316,0,0,316
63,5773,3973,57,1453,0,0,1453
63,5774,4678,57,314,0,0,314
63,5776,2583,57,1491,0,0,1491
63,5777,369,57,1427,0,0,1427
63,5778,3232,57,1334,0,0,1334
63,5779,4681,57,545,0,0,545
63,5780,4680,57,664,0,0,664
63,5781,4683,57,50,0,0,50
63,5782,4682,57,74,0,0,74
63,5783,4686,57,72,0,0,72
63,5785,4687,57,84,0,0,84
63,5786,4689,57,657,0,0,657
63,5787,4690,57,50,0,0,50
63,5788,4691,57,170,0,0,170
63,5790,4694,57,1176,0,0,1176
63,5791,4695,57,1377,0,0,1377
63,5792,4696,57,719,0,0,719
63,5793,40,57,930,0,0,930
63,5794,4697,57,790,0,0,790
63,5795,2323,57,1328,0,0,1328
63,5796,4699,57,80,0,0,80
63,5797,4700,57,72,0,0,72
63,5798,4701,57,50,0,0,50
63,5799,4702,57,1302,0,0,1302
63,5800,4703,57,265,0,0,265
63,5801,3870,58,496,0,0,496
63,5802,4704,58,50,0,0,50
63,5803,830,58,60,0,0,60
63,5804,2931,58,1146,0,0,1146
63,5805,3101,57,1456,0,0,1456
63,5807,2211,58,1333,0,0,1333
63,5809,4705,58,80,0,0,80
63,5810,3981,58,1380,0,0,1380
63,5811,3223,58,1000,0,0,1000
63,5813,4708,58,922,0,0,922
63,5814,2833,58,417,0,0,417
63,5815,1641,58,1336,0,0,1336
63,5816,2458,58,1183,0,0,1183
63,5817,4709,58,1077,0,0,1077
63,5818,594,58,934,0,0,934
63,5819,4710,58,1328,0,0,1328
63,5820,2274,58,834,0,0,834
63,5821,2243,58,273,0,0,273
63,5822,2214,58,1092,0,0,1092
63,5824,1717,58,726,0,0,726
63,5825,1486,58,828,0,0,828
63,5826,3306,58,785,0,0,785
63,5827,4711,58,619,0,0,619
63,5828,4712,58,76,0,0,76
63,5829,3903,58,1309,0,0,1309
63,5830,4716,58,362,0,0,362
63,5831,4717,58,50,0,0,50
63,5833,4718,58,648,0,0,648
63,5834,4719,58,333,0,0,333
63,5835,4720,58,107,0,0,107
63,5836,4474,58,217,0,0,217
63,5837,4119,58,648,0,0,648
63,5838,4722,58,1310,0,0,1310
63,5839,4723,58,1149,0,0,1149
63,5841,4726,58,1220,0,0,1220
63,5842,2333,59,970,0,0,970
63,5843,3240,59,1153,0,0,1153
63,5844,2091,59,1144,0,0,1144
63,5845,794,59,1154,0,0,1154
63,5846,3966,59,1164,0,0,1164
63,5847,4728,59,77,0,0,77
63,5848,4317,59,753,0,0,753
63,5849,2082,59,881,0,0,881
63,5850,4729,59,50,0,0,50
63,5851,4730,59,57,0,0,57
63,5852,1424,59,1007,0,0,1007
63,5853,4731,59,634,0,0,634
63,5854,4732,59,79,0,0,79
63,5855,4733,59,377,0,0,377
63,5856,4734,59,720,0,0,720
63,5857,4736,59,1194,0,0,1194
63,5858,4737,59,1182,0,0,1182
63,5859,4735,59,962,0,0,962
63,5860,4738,59,1167,0,0,1167
63,5861,3893,59,282,0,0,282
63,5862,4162,59,1146,0,0,1146
63,5863,4742,59,104,0,0,104
63,5865,4748,59,233,0,0,233
63,5866,4750,59,235,0,0,235
63,5867,4751,59,437,0,0,437
63,5868,4747,59,481,0,0,481
63,5869,4754,59,126,0,0,126
63,5870,4756,59,50,0,0,50
63,5871,4757,59,50,0,0,50
63,5872,4758,59,50,0,0,50
63,5873,4759,59,195,0,0,195
63,5874,4760,59,76,0,0,76
63,5875,4761,59,50,0,0,50
63,5876,2295,59,1144,0,0,1144
63,5877,3434,59,489,0,0,489
63,5878,1073,59,1071,0,0,1071
63,5880,4762,59,415,0,0,415
63,5881,1231,59,368,0,0,368
63,5882,2423,59,270,0,0,270
63,5883,3985,59,654,0,0,654
63,5884,4764,59,99,0,0,99
63,5885,4228,59,736,0,0,736
63,5886,4765,59,1121,0,0,1121
63,5887,4766,59,1045,0,0,1045
63,5888,3469,59,250,0,0,250
63,5889,2246,59,573,0,0,573
63,5890,3573,59,1032,0,0,1032
63,5892,4668,59,80,0,0,80
63,5893,2676,59,280,0,0,280
63,5894,3902,59,417,0,0,417
63,5895,3114,59,1128,0,0,1128
63,5896,4768,59,641,0,0,641
63,5898,4770,59,299,0,0,299
63,5899,4771,59,50,0,0,50
63,5900,552,59,164,0,0,164
63,5901,4772,59,57,0,0,57
63,5903,2887,59,467,0,0,467
63,5905,4776,59,216,0,0,216
63,5906,4000,59,931,0,0,931
63,5907,2843,59,89,0,0,89
63,5909,4777,59,809,0,0,809
63,5910,1343,59,1037,0,0,1037
63,5911,1060,59,1046,0,0,1046
63,5912,4779,59,1098,0,0,1098
63,5913,4781,59,898,0,0,898
63,5914,4782,59,984,0,0,984
63,5915,4783,59,311,0,0,311
63,5916,4692,60,278,0,0,278
63,5917,4784,60,50,0,0,50
63,5918,1770,60,802,0,0,802
63,5919,2083,60,977,0,0,977
63,5920,3964,60,986,0,0,986
63,5921,1321,60,974,0,0,974
63,5922,4785,60,625,0,0,625
63,5923,4786,60,403,0,0,403
63,5924,2742,60,693,0,0,693
63,5925,4156,60,1022,0,0,1022
63,5926,2284,60,750,0,0,750
63,5927,3954,60,969,0,0,969
63,5928,867,60,966,0,0,966
63,5929,2073,60,955,0,0,955
63,5931,4099,60,955,0,0,955
63,5932,4187,60,935,0,0,935
63,5933,2872,60,974,0,0,974
63,5934,3126,60,860,0,0,860
63,5935,1902,60,909,0,0,909
63,5936,3106,60,404,0,0,404
63,5938,4206,60,982,0,0,982
63,5939,4778,60,581,0,0,581
63,5940,2811,60,361,0,0,361
63,5941,4201,60,795,0,0,795
63,5942,554,60,403,0,0,403
63,5943,2175,60,911,0,0,911
63,5944,3612,60,769,0,0,769
63,5945,3408,60,339,0,0,339
63,5946,1097,60,940,0,0,940
63,5947,1646,60,816,0,0,816
63,5948,4788,60,342,0,0,342
63,5949,4227,60,823,0,0,823
63,5950,2409,60,677,0,0,677
63,5951,4154,60,735,0,0,735
63,5952,3342,60,937,0,0,937
63,5953,1124,60,451,0,0,451
63,5954,4167,60,435,0,0,435
63,5955,4157,60,349,0,0,349
63,5956,4790,60,329,0,0,329
63,5957,4791,60,118,0,0,118
63,5958,3564,60,778,0,0,778
63,5959,4792,60,397,0,0,397
63,5960,2118,60,753,0,0,753
63,5961,4795,60,603,0,0,603
63,5962,4796,60,128,0,0,128
63,5963,4798,60,50,0,0,50
63,5964,4801,60,65,0,0,65
63,5965,4803,60,57,0,0,57
63,5966,4802,60,979,0,0,979
63,5967,4806,60,979,0,0,979
63,5968,4808,60,501,0,0,501
63,5969,4810,60,84,0,0,84
63,5970,4811,60,81,0,0,81
63,5971,4812,60,50,0,0,50
63,5972,4814,60,931,0,0,931
63,5973,4816,60,609,0,0,609
63,5974,4815,60,90,0,0,90
63,5975,4807,60,964,0,0,964
63,5976,4820,60,565,0,0,565
63,5977,4819,60,615,0,0,615
63,5978,4822,60,84,0,0,84
63,5979,4821,60,112,0,0,112
63,5980,4824,60,75,0,0,75
63,5981,4826,60,299,0,0,299
63,5982,4828,60,72,0,0,72
63,5983,4827,60,83,0,0,83
63,5984,4833,60,90,0,0,90
63,5985,4834,60,127,0,0,127
63,5986,4836,60,399,0,0,399
63,5987,4838,60,81,0,0,81
63,5988,4839,60,959,0,0,959
63,5989,4840,60,979,0,0,979
63,5990,4837,60,594,0,0,594
63,5991,4831,60,479,0,0,479
63,5992,4844,60,129,0,0,129
63,5993,4846,60,50,0,0,50
63,5994,4845,60,87,0,0,87
63,5995,4852,60,96,0,0,96
63,5996,4851,60,615,0,0,615
63,5997,3463,60,741,0,0,741
63,5998,4855,60,269,0,0,269
63,5999,4853,60,72,0,0,72
63,6000,4856,60,74,0,0,74
63,6001,4858,60,398,0,0,398
63,6002,4862,60,79,0,0,79
63,6003,4860,60,180,0,0,180
63,6004,4859,60,625,0,0,625
63,6005,4865,60,50,0,0,50
63,6006,4866,60,954,0,0,954
63,6007,4867,60,90,0,0,90
63,6008,4870,60,950,0,0,950
63,6009,4871,60,215,0,0,215
63,6010,4874,60,745,0,0,745
63,6011,4875,60,50,0,0,50
63,6012,4876,60,82,0,0,82
63,6013,4880,60,149,0,0,149
63,6014,4878,60,50,0,0,50
63,6015,4881,60,147,0,0,147
63,6016,4882,60,282,0,0,282
63,6017,4883,60,196,0,0,196
63,6018,4884,60,77,0,0,77
63,6019,3035,60,72,0,0,72
63,6020,582,61,623,0,0,623
63,6021,4886,61,50,0,0,50
63,6022,3527,61,805,0,0,805
63,6023,2268,61,778,0,0,778
63,6024,3551,61,761,0,0,761
63,6025,1158,61,774,0,0,774
63,6026,3195,61,773,0,0,773
63,6027,4887,61,814,0,0,814
63,6028,3778,61,778,0,0,778
63,6029,1135,61,630,0,0,630
63,6030,2923,61,359,0,0,359
63,6031,3022,61,577,0,0,577
63,6032,2160,61,554,0,0,554
63,6033,2245,61,758,0,0,758
63,6034,4889,61,721,0,0,721
63,6035,3757,61,784,0,0,784
63,6036,4117,61,803,0,0,803
63,6037,3135,61,513,0,0,513
63,6038,305,61,752,0,0,752
63,6039,2203,61,783,0,0,783
63,6040,4890,61,274,0,0,274
63,6041,3194,61,788,0,0,788
63,6042,4891,61,87,0,0,87
63,6043,4893,61,200,0,0,200
63,6044,1278,61,452,0,0,452
63,6045,4894,61,144,0,0,144
63,6046,4895,61,50,0,0,50
63,6047,4896,61,506,0,0,506
63,6048,4892,61,696,0,0,696
63,6049,3745,61,283,0,0,283
63,6050,4897,61,385,0,0,385
63,6051,4898,61,81,0,0,81
63,6052,4899,61,73,0,0,73
63,6053,4905,61,50,0,0,50
63,6054,4906,61,50,0,0,50
63,6055,4907,61,632,0,0,632
63,6056,4910,61,50,0,0,50
63,6058,4912,61,156,0,0,156
63,6059,4913,61,77,0,0,77
63,6060,4915,61,437,0,0,437
63,6061,4916,61,105,0,0,105
63,6062,4917,61,76,0,0,76
63,6063,4919,61,50,0,0,50
63,6064,4921,61,50,0,0,50
63,6065,4922,61,145,0,0,145
63,6067,4926,61,666,0,0,666
63,6068,4924,61,50,0,0,50
63,6069,4925,61,562,0,0,562
63,6070,4909,61,81,0,0,81
63,6071,4929,61,72,0,0,72
63,6072,4931,61,50,0,0,50
63,6073,4903,61,72,0,0,72
63,6074,4911,61,130,0,0,130
63,6075,4932,61,51,0,0,51
63,6076,4933,61,765,0,0,765
63,6077,4934,61,397,0,0,397
63,6078,4935,61,140,0,0,140
63,6079,4937,61,50,0,0,50
63,6080,3282,61,390,0,0,390
63,6081,4943,61,463,0,0,463
63,6082,4942,61,75,0,0,75
63,6084,4947,61,50,0,0,50
63,6085,4948,61,50,0,0,50
63,6086,4949,61,76,0,0,76
63,6087,4946,61,736,0,0,736
63,6088,2800,61,573,0,0,573
63,6089,4953,61,50,0,0,50
63,6090,4955,61,101,0,0,101
63,6091,4954,61,408,0,0,408
63,6092,3713,61,481,0,0,481
63,6093,4958,61,50,0,0,50
63,6094,4957,61,401,0,0,401
63,6095,4960,61,77,0,0,77
63,6096,4961,61,677,0,0,677
63,6097,4962,61,72,0,0,72
63,6098,4964,61,99,0,0,99
63,6099,4965,61,76,0,0,76
63,6100,4966,61,225,0,0,225
63,6101,4967,61,133,0,0,133
63,6102,4968,61,117,0,0,117
63,6103,4969,61,302,0,0,302
63,6104,4970,61,790,0,0,790
63,6105,4971,61,76,0,0,76
63,6106,4972,61,380,0,0,380
63,6107,4974,61,267,0,0,267
63,6108,3998,61,707,0,0,707
63,6109,4975,61,400,0,0,400
63,6110,4976,61,78,0,0,78
63,6111,4977,61,290,0,0,290
63,6112,4978,61,749,0,0,749
63,6113,3313,61,147,0,0,147
63,6114,4980,61,108,0,0,108
63,6115,2670,61,644,0,0,644
63,6116,4981,61,96,0,0,96
63,6117,4982,61,406,0,0,406
63,6118,4983,61,765,0,0,765
63,6119,4985,61,76,0,0,76
63,6120,4986,61,660,0,0,660
63,6121,3569,61,50,0,0,50
63,6122,3826,62,608,0,0,608
63,6123,4147,62,602,0,0,602
63,6124,4990,62,621,0,0,621
63,6125,1076,62,582,0,0,582
63,6126,2806,62,383,0,0,383
63,6127,2706,62,571,0,0,571
63,6128,4263,62,599,0,0,599
63,6129,4211,62,602,0,0,602
63,6130,4265,62,523,0,0,523
63,6131,452,62,308,0,0,308
63,6132,4089,62,595,0,0,595
63,6133,2050,62,592,0,0,592
63,6134,1961,62,587,0,0,587
63,6135,4063,62,607,0,0,607
63,6136,1297,62,549,0,0,549
63,6137,3606,62,549,0,0,549
63,6138,4991,62,66,0,0,66
63,6139,4229,62,575,0,0,575
63,6140,382,62,206,0,0,206
63,6141,4993,62,259,0,0,259
63,6142,4290,62,584,0,0,584
63,6143,3377,62,288,0,0,288
63,6144,4995,62,50,0,0,50
63,6145,4997,62,50,0,0,50
63,6146,4998,62,219,0,0,219
63,6147,4212,62,517,0,0,517
63,6148,4999,62,612,0,0,612
63,6149,5000,62,94,0,0,94
63,6150,3457,62,418,0,0,418
63,6151,5001,62,326,0,0,326
63,6152,24,62,580,0,0,580
63,6153,5002,62,50,0,0,50
63,6154,5007,62,141,0,0,141
63,6155,5004,62,116,0,0,116
63,6156,5008,62,141,0,0,141
63,6157,5006,62,247,0,0,247
63,6158,5009,62,50,0,0,50
63,6159,5010,62,123,0,0,123
63,6160,5011,62,235,0,0,235
63,6161,5012,62,50,0,0,50
63,6162,5013,62,50,0,0,50
63,6163,5014,62,50,0,0,50
63,6164,5015,62,72,0,0,72
63,6165,5016,62,50,0,0,50
63,6166,5005,62,78,0,0,78
63,6167,4208,62,138,0,0,138
63,6168,5018,62,321,0,0,321
63,6169,5019,62,50,0,0,50
63,6170,4314,62,383,0,0,383
63,6171,4324,62,520,0,0,520
63,6172,5021,62,245,0,0,245
63,6173,5023,62,115,0,0,115
63,6174,5024,62,50,0,0,50
63,6175,5027,62,299,0,0,299
63,6176,5028,62,440,0,0,440
63,6177,5029,62,300,0,0,300
63,6178,3875,62,245,0,0,245
63,6179,5030,62,580,0,0,580
63,6180,4273,62,237,0,0,237
63,6181,4186,62,273,0,0,273
63,6182,5031,62,356,0,0,356
63,6183,5032,62,77,0,0,77
63,6184,5034,62,83,0,0,83
